Symbol,ETF Name,Total Assets,YTD,Avg Volume,Previous Closing Price,1-Day Change,1 Week,4 Week,1 year,3 year,5 year,YTD FF,1 Week FF,4 Week FF,1 Year FF,3 Year FF,5 Year FF,ETF Database Category,Inception,ER,Commission Free,Annual Dividend Rate,Dividend Date,Dividend,Annual Dividend Yield %,P/E Ratio,Beta,# of Holdings,% In Top 10,ST Cap Gain Rate,LT Cap Gain Rate,Tax Form,Lower Bollinger,Upper Bollinger,Support 1,Resistance 1,RSI,Overall Rating,Liquidity Rating,Expenses Rating,Returns Rating,Volatility Rating,Dividend Rating,Concentration Rating,ESG Score,ESG Score Peer Percentile (%),ESG Score Global Percentile (%),Carbon Intensity (Tons of CO2e / $M Sales),SRI Exclusion Criteria (%),Sustainable Impact Solutions (%)
BND,Vanguard Total Bond Market ETF,"$84,600,300",-11.12%,"7,237,868",$73.66,0.68%,0.68%,2.88%,-11.48%,-5.78%,2.35%,"$12,533,946,000.00","$329,051,000.00","$837,038,000.00","$13,614,073,000.00","$49,152,659,000.00","$58,835,665,000.00",Total Bond Market,2007-04-03,0.03%,2 Platforms,$1.98,2021-11-01,$0.13,2.32%,0.00,0.03,9594,14.32%,40%,20%,1099,$71.12,$74.05,$73.46,$74.00,62.83,A,A,A,A-,C+,B+,A+,6.78,39.87%,43.09%,261.04,2.62%,0.96%
AGG,iShares Core U.S. Aggregate Bond ETF,"$82,223,900",-11.00%,"7,790,660",$99.47,0.67%,0.68%,2.83%,-11.34%,-5.87%,2.25%,"$2,093,062,900.00","$702,321,180.00","$1,943,887,560.00","$2,938,665,540.00","$25,956,978,430.00","$39,283,448,350.00",Total Bond Market,2003-09-22,0.03%,2 Platforms,$2.27,2021-11-01,$0.18,1.98%,0.00,-0.25,10571,8.74%,40%,20%,1099,$96.11,$100.02,$99.19,$99.97,62.57,A,A+,A,A-,C+,B+,A,6.67,25.32%,41.81%,270.52,2.27%,0.85%
BNDX,Vanguard Total International Bond ETF,"$46,038,700",-10.15%,"2,936,880",$49.07,0.02%,-0.49%,1.38%,-11.20%,-8.17%,1.65%,"$5,701,060,969.30","$28,938,623.81","$66,467,083.21","$6,560,466,118.03","$29,119,185,632.51","$43,737,196,293.80",Total Bond Market,2013-06-04,0.07%,Vanguard,$0.64,2021-11-01,$0.04,1.12%,0.00,0.04,6861,4.69%,40%,20%,1099,$48.33,$49.54,$48.97,$49.24,57.57,A,A,A,A,B,B-,N/A,6.61,54.91%,41.16%,83.65,0.85%,0.74%
BSV,Vanguard Short-Term Bond ETF,"$37,429,400",-5.04%,"3,666,109",$75.76,0.38%,0.40%,0.81%,-5.02%,-1.33%,4.63%,"-$1,906,626,000.00","-$52,880,000.00","-$271,409,000.00","-$1,720,316,000.00","$18,378,641,703.22","$16,471,705,703.22",Total Bond Market,2007-04-03,0.04%,3 Platforms,$1.12,2021-11-01,$0.07,1.38%,0.00,-0.01,2604,12.47%,40%,20%,1099,$74.81,$75.81,$75.67,$75.89,62.54,A+,A,A,A-,A-,B,A,6.83,22.45%,43.87%,143.6,1.91%,0.79%
IUSB,iShares Core Total USD Bond Market ETF,"$19,301,500",-11.13%,"2,852,854",$46.04,0.74%,0.77%,2.90%,-11.32%,-5.37%,2.95%,"$5,168,879,470.00","$178,820,090.00","$301,522,090.00","$5,380,676,170.00","$17,682,409,710.00","$19,833,617,680.00",Total Bond Market,2014-06-10,0.06%,N/A,$1.20,2021-11-01,$0.08,2.25%,0.00,0.05,14636,9.60%,40%,20%,1099,$44.46,$46.27,$45.91,$46.25,63.47,A-,A,A,B+,B-,B+,N/A,6.44,42.86%,39.48%,303.27,2.48%,1.09%
BIV,Vanguard Intermediate-Term Bond ETF,"$12,919,400",-11.36%,"1,217,306",$76.08,0.78%,0.48%,2.25%,-11.64%,-4.81%,4.51%,"$550,642,000.00","-$14,772,000.00","$269,932,000.00","$491,011,000.00","$1,613,576,000.00","-$557,441,000.00",Total Bond Market,2007-04-03,0.04%,3 Platforms,$2.88,2021-11-01,$0.14,3.25%,0.00,0.03,2105,22.28%,40%,20%,1099,$73.82,$76.45,$75.89,$76.42,61.34,A,A,A,A+,C+,A,A-,7.08,53.16%,47.55%,222.23,3.19%,1.50%
MINT,PIMCO Enhanced Short Maturity Active ETF,"$8,975,390",-1.24%,"1,322,859",$98.75,0.05%,0.16%,0.55%,-1.21%,0.47%,5.50%,"-$4,357,406,200.00","-$490,657,300.00","-$849,856,000.00","-$4,499,652,500.00","-$4,331,126,100.00","$1,355,745,300.00",Total Bond Market,2009-11-16,0.36%,N/A,$0.50,2021-11-01,$0.03,0.49%,0.00,0.06,555,33.40%,40%,20%,1099,$98.14,$98.82,$98.71,$98.79,74.91,A,A,B,A,A,C+,A+,0.0,N/A,N/A,N/A,N/A,N/A
FTSM,First Trust Enhanced Short Maturity ETF,"$7,342,680",0.76%,"1,574,335",$59.48,0.03%,0.10%,0.38%,0.76%,2.04%,6.79%,"$3,112,662,850.00","$151,536,750.00","$303,032,550.00","$3,145,583,950.00","$2,412,454,100.00","$5,972,503,700.00",Total Bond Market,2014-08-05,0.25%,N/A,$0.27,2021-10-29,$0.01,0.45%,0.00,0.03,377,49.13%,40%,20%,1099,$59.22,$59.49,$59.47,$59.48,87.36,B+,A,B,B,A,C+,N/A,8.56,86.71%,78.53%,456.92,12.15%,2.96%
SCHZ,Schwab U.S. Aggregate Bond ETF,"$6,911,390",-11.08%,"1,061,688",$46.86,0.77%,0.75%,2.90%,-11.30%,-5.90%,2.16%,"-$961,438,000.00","$42,237,000.00","$5,950,000.00","-$885,897,000.00","$814,531,000.00","$2,979,395,501.90",Total Bond Market,2011-07-14,0.03%,Charles Schwab,$1.29,2021-11-01,$0.09,2.39%,0.00,0.04,9142,7.80%,40%,20%,1099,$45.24,$47.09,$46.73,$47.07,62.92,A,A,A,A,C+,A-,A-,6.69,28.48%,42.05%,250.17,2.25%,0.86%
SPAB,SPDR Portfolio Aggregate Bond ETF,"$6,615,380",-11.19%,"3,953,905",$25.73,0.59%,0.63%,2.75%,-11.52%,-6.07%,1.84%,"$1,048,083,926.10","$110,105,526.30","$206,706,677.40","$1,137,044,325.50","$2,818,055,344.40","$6,053,449,132.70",Total Bond Market,2007-05-23,0.03%,N/A,$0.70,2021-11-01,$0.05,2.34%,0.00,-0.27,7023,9.39%,40%,20%,1099,$24.90,$25.89,$25.66,$25.86,62.80,A-,A,A,B,C+,B+,N/A,6.76,36.71%,42.84%,245.7,2.29%,0.88%
ISTB,iShares Core 1-5 Year USD Bond ETF,"$5,161,810",-5.55%,"1,046,466",$46.80,0.36%,0.39%,1.01%,-5.56%,-1.31%,4.99%,"-$706,106,720.00",$0.00,"$32,914,590.00","-$721,237,480.00","$2,276,931,610.00","$4,425,898,220.00",Total Bond Market,2012-10-18,0.06%,Fidelity,$0.94,2021-11-01,$0.06,1.87%,0.00,0.02,5351,11.61%,40%,20%,1099,$46.11,$46.87,$46.73,$46.91,62.75,A,A,A,B+,A-,B+,B-,6.64,23.42%,41.47%,231.19,2.29%,1.15%
BLV,Vanguard Long-Term Bond ETF,"$4,464,680",-22.29%,"519,326",$77.32,0.99%,0.77%,7.72%,-23.36%,-13.05%,-0.16%,"-$243,489,000.00","$61,250,000.00","$121,221,000.00","-$191,528,000.00","$1,732,989,000.00","$3,350,301,000.00",Total Bond Market,2007-04-03,0.04%,3 Platforms,$6.42,2021-11-01,$0.25,6.18%,0.00,0.04,2902,13.09%,40%,20%,1099,$70.89,$78.84,$76.87,$78.07,63.72,A,A,A,B,C,A,A,7.07,12.73%,47.27%,444.2,7.06%,1.76%
IAGG,iShares Core International Aggregate Bond ETF,"$4,145,290",-8.53%,"425,494",$49.88,0.18%,-0.60%,1.18%,-9.44%,-6.17%,4.06%,"$615,981,945.00","$29,979,480.00","$265,025,145.00","$697,857,435.00","$2,225,134,715.00","$3,849,618,435.00",Total Bond Market,2015-11-10,0.07%,N/A,$0.10,2020-12-01,$0.05,0.19%,0.00,0.03,4753,9.40%,40%,20%,1099,$49.27,$50.25,$49.79,$50.04,57.35,B+,A-,A,N/A,B+,C,N/A,5.69,19.94%,31.10%,63.69,1.14%,0.97%
NEAR,BlackRock Short Maturity Bond ETF,"$4,101,970",0.10%,"785,302",$49.28,0.06%,0.14%,0.52%,0.16%,1.94%,7.31%,"-$610,447,815.00","$17,186,595.00","-$64,018,915.00","-$543,005,620.00","-$2,213,021,315.00","$1,197,875,765.00",Total Bond Market,2013-09-25,0.25%,N/A,$0.46,2021-11-01,$0.03,0.92%,0.00,0.07,351,19.25%,40%,20%,1099,$48.98,$49.31,$49.27,$49.29,81.87,A,A,B,A,A,B-,N/A,7.9,53.74%,63.54%,103.14,5.87%,1.74%
PULS,PGIM Ultra Short Bond ETF,"$3,580,960",1.24%,"1,105,154",$49.11,0.06%,0.13%,0.52%,1.31%,3.45%,N/A,"$2,038,287,385.00","$115,258,000.00","$664,724,250.00","$2,030,856,730.00","$3,237,991,570.00","$4,020,124,510.00",Total Bond Market,2018-04-05,0.15%,N/A,$0.73,2021-11-01,$0.04,1.47%,0.00,0.06,315,34.40%,40%,20%,1099,$48.83,$49.13,$49.09,$49.12,84.25,A,A,A-,N/A,A,B,N/A,8.26,63.27%,72.08%,338.74,7.78%,3.67%
BOND,PIMCO Active Bond ETF,"$3,160,560",-12.94%,"284,346",$92.50,0.73%,0.87%,2.94%,-13.11%,-6.90%,1.55%,"-$577,667,800.00","$38,575,200.00","$78,477,800.00","-$457,011,800.00","$928,421,200.00","$1,622,067,700.00",Total Bond Market,2012-02-29,0.56%,N/A,$3.05,2021-11-01,$0.23,2.78%,0.00,0.09,1081,36.53%,40%,20%,1099,$89.19,$92.96,$92.17,$93.04,63.53,B,A-,C+,B-,B,A-,B+,0.0,N/A,N/A,N/A,N/A,N/A
FIXD,First Trust TCW Opportunistic Fixed Income ETF,"$3,103,950",-13.49%,"742,983",$44.86,0.76%,0.49%,3.08%,-13.65%,-6.55%,1.89%,"-$1,371,480,350.00",$0.00,"-$63,663,500.00","-$1,358,154,550.00","$2,748,674,200.00","$3,760,589,950.00",Total Bond Market,2017-02-14,0.56%,N/A,$1.61,2021-10-21,$0.06,3.02%,0.00,0.03,808,29.05%,40%,20%,1099,$43.18,$45.17,$44.72,$45.11,62.43,B,A,C+,N/A,C+,A-,N/A,0.0,N/A,N/A,N/A,N/A,N/A
JMST,JPMorgan Ultra-Short Municipal Income ETF,"$2,632,690",0.04%,"803,240",$50.61,0.14%,0.04%,0.53%,0.09%,2.42%,N/A,"$278,989,500.00","$22,761,000.00","$70,733,000.00","$411,624,500.00","$2,516,808,000.00","$2,630,066,500.00",Total Bond Market,2018-10-16,0.18%,N/A,$0.17,2021-11-01,$0.01,0.34%,0.00,0.01,2941,25.76%,40%,20%,1099,$50.33,$50.65,$50.54,$50.64,72.30,A,A,A-,N/A,A,C+,N/A,0.0,N/A,N/A,N/A,N/A,N/A
FBND,Fidelity Total Bond ETF,"$2,631,480",-10.69%,"587,628",$46.13,0.81%,0.74%,2.84%,-10.78%,-3.04%,5.68%,"$729,374,393.75",$0.00,"$156,279,564.60","$782,411,653.75","$2,065,969,578.75","$2,603,147,683.75",Total Bond Market,2014-10-06,0.36%,Fidelity,$1.61,2021-10-27,$0.08,3.03%,0.00,0.07,2161,30.81%,40%,20%,1099,$44.59,$46.34,$46.01,$46.34,63.32,B,A,B-,C+,B-,A-,N/A,0.0,N/A,N/A,N/A,N/A,N/A
GVI,iShares Intermediate Government/Credit Bond ETF,"$2,573,480",-7.34%,"190,451",$103.72,0.46%,0.35%,1.22%,-7.57%,-3.05%,3.90%,"$165,297,975.00","$31,003,220.00","$77,346,620.00","$341,990,310.00","$806,504,815.00","$747,467,210.00",Total Bond Market,2007-01-05,0.20%,2 Platforms,$1.88,2021-11-01,$0.13,1.65%,0.00,0.01,4758,9.50%,40%,20%,1099,$101.85,$104.00,$103.52,$104.05,61.61,A-,A-,B+,A,B+,B,B+,6.89,47.47%,44.64%,180.44,2.20%,1.11%
TOTL,SPDR DoubleLine Total Return Tactical ETF,"$2,258,930",-9.93%,"555,922",$41.07,0.49%,0.51%,3.21%,-10.29%,-7.12%,-0.33%,"-$257,642,398.05","$26,528,421.20","$53,591,900.50","-$302,811,090.70","-$602,090,648.75","-$906,670,719.50",Total Bond Market,2015-02-23,0.55%,N/A,$1.48,2021-11-01,$0.12,3.10%,0.00,0.06,1125,34.12%,40%,20%,1099,$39.47,$41.37,$40.98,$41.22,62.39,B+,A-,C+,N/A,B,A,N/A,0.0,N/A,N/A,N/A,N/A,N/A
EAGG,iShares ESG Aware US Aggregate Bond ETF,"$2,239,540",-11.66%,"300,311",$47.91,0.65%,0.59%,2.72%,-11.45%,-6.27%,N/A,"$761,368,010.00","$47,760,450.00","$94,796,340.00","$799,822,520.00","$2,393,654,640.00","$2,495,164,250.00",Total Bond Market,2018-10-18,0.10%,N/A,$0.76,2021-11-01,$0.05,1.37%,0.00,-0.01,4305,9.92%,40%,20%,1099,$46.31,$48.19,$47.78,$48.14,62.28,B,A-,A-,N/A,C+,B-,N/A,7.06,52.53%,47.16%,109.44,1.84%,1.30%
DFCF,Dimensional Core Fixed Income ETF,"$1,946,200",-13.19%,"668,135",$42.63,0.85%,0.80%,2.72%,-13.42%,N/A,N/A,"$1,869,226,565.00","$42,229,060.00","$298,539,590.00","$1,934,349,120.00","$2,034,474,840.00","$2,034,474,840.00",Total Bond Market,2021-11-15,0.19%,N/A,N/A,N/A,N/A,N/A,N/A,N/A,1855,38.27%,40%,20%,1099,$41.23,$42.81,$42.49,$42.85,62.33,N/A,A-,B+,N/A,C,N/A,N/A,7.21,15.64%,49.39%,217.72,3.74%,1.41%
FLCB,Franklin U.S. Core Bond ETF,"$1,510,410",-11.82%,"106,726",$21.61,0.70%,0.64%,2.85%,-12.27%,-7.06%,N/A,"$57,504,000.00","$12,996,000.00","-$795,000.00","$57,504,000.00","$846,028,000.00","$1,668,998,500.00",Total Bond Market,2019-09-17,0.15%,N/A,$0.77,2021-10-29,$0.04,3.05%,0.00,0.07,257,33.31%,40%,20%,1099,$20.87,$21.73,$21.53,$21.75,62.92,A,A-,A-,N/A,B,A,N/A,6.41,15.82%,39.13%,371.75,2.91%,0.65%
LDUR,PIMCO Enhanced Low Duration Active ETF,"$1,386,590",-4.56%,"145,623",$94.16,0.16%,0.31%,0.42%,-4.71%,-0.53%,4.81%,"$292,726,400.00","-$22,591,200.00","-$45,167,200.00","$262,481,200.00","$1,043,965,200.00","$1,346,951,200.00",Total Bond Market,2014-01-22,0.53%,N/A,$1.22,2021-11-01,$0.06,1.21%,0.00,0.03,599,28.91%,40%,20%,1099,$93.46,$94.18,$94.10,$94.25,58.68,B,A-,C+,B+,A-,B-,B-,0.0,N/A,N/A,N/A,N/A,N/A
UCON,First Trust TCW Unconstrained Plus Bond ETF,"$1,374,120",-5.24%,"479,131",$24.35,0.04%,0.04%,1.51%,-5.05%,2.60%,N/A,"$628,376,450.00","$32,634,950.00","$92,804,150.00","$671,778,600.00","$1,258,714,000.00","$1,465,905,800.00",Total Bond Market,2018-06-04,0.76%,N/A,$0.64,2021-10-21,$0.04,2.42%,0.00,0.18,906,30.46%,40%,20%,1099,$23.91,$24.42,$24.31,$24.41,61.09,A-,A,C,A,A-,A-,N/A,0.0,N/A,N/A,N/A,N/A,N/A
UITB,VictoryShares USAA Core Intermediate-Term Bond ETF,"$1,341,740",-10.75%,"58,960",$46.48,0.80%,0.48%,2.41%,-11.17%,-4.71%,4.93%,"$306,600,690.00",$0.00,"-$4,573,370.00","$306,600,690.00","$1,146,887,670.00","$1,450,858,460.00",Total Bond Market,2017-10-24,0.39%,N/A,$1.17,2021-11-08,$0.07,2.19%,0.00,0.11,836,14.42%,40%,20%,1099,$45.10,$46.70,$46.39,$46.66,62.31,B,B,B-,N/A,B,B+,N/A,6.63,22.15%,41.30%,290.82,4.10%,1.60%
JAGG,JPMorgan U.S. Aggregate Bond ETF,"$1,149,520",-11.36%,"161,491",$46.91,0.64%,0.69%,2.85%,-11.57%,-6.53%,N/A,"$205,377,250.00","-$18,748,000.00","-$22,114,500.00","$198,608,500.00","$1,018,914,158.09","$1,284,368,658.09",Total Bond Market,2018-12-12,0.07%,N/A,$0.72,2021-11-01,$0.06,1.33%,0.00,0.06,1629,17.57%,40%,20%,1099,$45.31,$47.18,$46.79,$47.14,62.80,A-,A-,A,N/A,B,B-,N/A,6.5,43.88%,39.98%,373.63,1.83%,0.62%
HTRB,Hartford Total Return Bond ETF,"$1,003,370",-12.74%,"161,514",$33.73,0.63%,0.45%,3.13%,-12.90%,-7.94%,0.97%,"$139,545,215.00","$8,410,080.00","$18,204,165.00","$149,476,575.00","$604,310,520.00","$1,171,701,585.00",Total Bond Market,2017-09-27,0.29%,N/A,$1.01,2021-10-28,$0.07,2.48%,0.00,0.09,1139,22.95%,40%,20%,1099,$32.45,$33.96,$33.63,$33.89,63.37,B+,A-,B,N/A,B-,A-,N/A,0.0,N/A,N/A,N/A,N/A,N/A
AGGY,WisdomTree Yield Enhanced U.S. Aggregate Bond Fund,"$909,031",-13.22%,"234,022",$43.81,0.67%,0.60%,2.93%,-13.47%,-9.57%,-0.63%,"-$27,204,590.00","$17,552,520.00","$47,581,610.00","-$27,236,000.00","$84,458,710.00","$824,475,800.00",Total Bond Market,2015-07-09,0.12%,N/A,$1.28,2021-10-25,$0.08,2.46%,0.00,0.09,2643,6.11%,40%,20%,1099,$42.23,$44.06,$43.69,$44.02,63.97,A-,A-,A-,N/A,C+,A-,N/A,0.0,N/A,N/A,N/A,N/A,N/A
RAVI,FlexShares Ready Access Variable Income Fund,"$872,570",-0.09%,"86,012",$74.43,0.07%,0.11%,0.42%,-0.06%,2.06%,7.38%,"$463,114,167.50","-$9,301,275.00","$3,712,442.50","$521,663,950.00","$584,602,927.50","$714,920,437.50",Total Bond Market,2012-10-09,0.25%,N/A,$0.58,2021-11-01,$0.04,0.77%,0.00,0.06,348,20.52%,40%,20%,1099,$74.05,$74.45,$74.41,$74.45,74.87,C+,B+,B,C+,B+,C+,C+,8.31,63.95%,73.39%,239.5,4.80%,2.53%
GTO,Invesco Total Return Bond ETF,"$786,180",-13.09%,"170,503",$47.58,0.76%,0.93%,3.52%,-13.40%,0.49%,10.87%,"-$125,844,700.00","$4,711,200.00","$27,878,850.00","-$97,598,100.00","$764,838,850.00","$880,793,300.00",Total Bond Market,2016-02-10,0.50%,N/A,$4.50,2021-10-18,$0.10,7.96%,0.00,0.13,762,23.43%,40%,20%,1099,$45.63,$47.75,$47.47,$47.76,67.15,B+,A-,C+,N/A,B-,A+,N/A,0.0,N/A,N/A,N/A,N/A,N/A
EUSB,iShares ESG Advanced Total USD Bond Market ETF,"$783,405",-11.03%,"85,077",$43.16,0.77%,0.70%,2.67%,-11.05%,N/A,N/A,"$255,502,280.00",$0.00,"$21,289,420.00","$275,182,080.00","$872,688,370.00","$872,688,370.00",Total Bond Market,2020-06-23,0.12%,N/A,$0.57,2021-11-01,$0.05,1.16%,0.00,0.08,4136,12.14%,40%,20%,1099,$41.76,$43.37,$43.02,$43.39,62.74,B,B+,A-,N/A,B-,B-,N/A,7.2,67.86%,49.28%,58.96,0.07%,2.25%
PCEF,Invesco CEF Income Composite ETF,"$687,709",-16.06%,"155,997",$18.84,0.96%,0.56%,1.22%,-13.82%,3.29%,15.86%,"-$51,991,030.00","-$7,682,330.00","-$12,001,630.00","-$55,489,570.00","$60,633,280.00","$184,815,430.00",Total Bond Market,2010-02-19,1.97%,N/A,$1.63,2021-10-18,$0.13,6.64%,22.61,0.77,118,26.20%,40%,20%,1099,$18.40,$19.09,$18.72,$19.00,57.73,C+,A-,C,C,C,A,C+,0.0,N/A,N/A,N/A,N/A,N/A
DIAL,Columbia Diversified Fixed Income Allocation ETF,"$610,823",-13.49%,"311,932",$17.91,1.02%,1.88%,3.41%,-13.07%,-6.42%,4.58%,"-$444,140,400.00",$0.00,"-$2,546,700.00","-$440,965,150.00","$559,428,043.60","$731,238,293.60",Total Bond Market,2017-10-12,0.28%,N/A,$0.58,2021-11-01,$0.04,2.71%,16.86,0.20,669,23.88%,40%,20%,1099,$17.14,$17.98,$17.83,$18.02,64.03,B,A-,B,N/A,C,A-,N/A,5.76,12.24%,31.83%,397.85,3.38%,1.65%
AGZ,iShares Agency Bond ETF,"$604,283",-7.15%,"32,685",$107.37,0.35%,0.05%,0.76%,-7.40%,-2.78%,3.98%,"-$89,667,060.00",$0.00,"$21,282,860.00","-$101,397,335.00","$57,825,675.00","$177,072,695.00",Total Bond Market,2008-11-05,0.20%,Fidelity,$2.09,2021-11-01,$0.07,1.77%,0.00,-0.05,61,57.32%,40%,20%,1099,$106.03,$107.61,$107.20,$107.59,58.01,A-,B,B+,A-,B+,B,A,6.41,95.71%,39.11%,531.81,12.24%,0.15%
BNDW,Vanguard Total World Bond ETF,"$583,170",-10.56%,"48,658",$69.07,0.39%,0.16%,2.16%,-11.28%,-6.90%,N/A,"$76,421,700.00","$10,373,600.00","$19,257,600.00","$93,779,300.00","$431,444,950.00","$669,018,950.00",Total Bond Market,2018-09-04,0.06%,N/A,$1.19,2021-11-01,$0.09,1.49%,0.00,0.03,4,100.00%,40%,20%,1099,$67.31,$69.53,$68.90,$69.32,61.55,A-,B+,A,N/A,B,B,N/A,6.69,58.96%,42.03%,201.66,1.77%,0.85%
JCPB,JPMorgan Core Plus Bond ETF,"$551,296",-11.00%,"142,015",$47.10,0.53%,0.63%,2.88%,-11.07%,-3.11%,N/A,"$354,167,000.00","$9,392,000.00","$41,691,000.00","$375,804,000.00","$550,079,000.00","$565,887,000.00",Total Bond Market,2019-01-28,0.40%,N/A,$1.80,2021-11-01,$0.09,3.31%,0.00,0.01,1526,17.55%,40%,20%,1099,$45.48,$47.39,$47.02,$47.22,65.21,B+,B+,B-,N/A,B,A,N/A,0.0,N/A,N/A,N/A,N/A,N/A
VRIG,Invesco Variable Rate Investment Grade ETF,"$543,488",0.45%,"168,992",$24.71,0.04%,0.22%,0.79%,0.55%,3.54%,8.80%,"$92,723,000.00","-$18,498,050.00","-$23,418,050.00","$101,488,700.00","$202,447,950.00","$418,208,900.00",Total Bond Market,2016-09-22,0.31%,N/A,$0.20,2021-10-18,$0.02,0.81%,0.00,0.18,210,25.33%,40%,20%,1099,$24.50,$24.71,$24.69,$24.72,75.66,B+,A-,B,N/A,A,C+,N/A,0.0,N/A,N/A,N/A,N/A,N/A
GCOR,Goldman Sachs Access U.S. Aggregate Bond ETF,"$429,578",-11.98%,"42,842",$42.09,0.53%,0.62%,2.43%,-12.32%,N/A,N/A,"$223,900,500.00","-$2,096,500.00","-$2,096,500.00","$228,781,500.00","$431,159,000.00","$431,159,000.00",Total Bond Market,2020-09-08,0.14%,N/A,$0.47,2021-11-01,$0.04,0.96%,0.00,-0.22,942,46.23%,40%,20%,1099,$40.77,$42.39,$41.95,$42.33,62.90,B+,B+,A-,N/A,B,B-,N/A,6.44,17.72%,39.47%,286.8,2.33%,0.65%
USTB,VictoryShares USAA Core Short-Term Bond ETF,"$414,578",-2.74%,"48,512",$48.96,0.29%,0.41%,1.01%,-2.82%,2.97%,9.51%,"$45,962,815.00","$24,381,340.00","$34,073,675.00","$48,525,320.00","$342,544,840.00","$402,378,780.00",Total Bond Market,2017-10-24,0.35%,N/A,$1.01,2021-11-08,$0.07,1.96%,0.00,0.08,349,22.45%,40%,20%,1099,$48.35,$48.98,$48.89,$49.08,68.75,B+,B-,B-,N/A,A,B+,N/A,0.0,N/A,N/A,N/A,N/A,N/A
BKAG,BNY Mellon Core Bond ETF,"$404,252",-11.29%,"43,778",$42.67,0.71%,0.64%,2.84%,-11.49%,N/A,N/A,"$220,872,500.00","$2,116,500.00","$4,207,000.00","$255,282,500.00","$426,800,026.40","$426,800,026.40",Total Bond Market,2020-04-22,0.00%,N/A,$0.83,2021-11-01,$0.06,1.69%,0.00,0.08,3091,5.26%,40%,20%,1099,$41.19,$42.92,$42.57,$42.86,62.87,A-,B+,A+,N/A,B-,B,N/A,6.65,24.68%,41.68%,274.73,2.35%,0.81%
CGCP, Capital Group Core Plus Income ETF,"$396,088",N/A,"179,892",$22.78,0.75%,0.69%,2.40%,N/A,N/A,N/A,"$322,004,905.08","$21,771,016.32","$52,839,637.44","$322,004,905.08","$322,004,905.08","$322,004,905.08",Total Bond Market,2022-02-22,0.34%,N/A,N/A,N/A,N/A,N/A,N/A,N/A,499,40.32%,40%,20%,1099,$22.06,$22.89,$22.70,$22.92,62.48,N/A,A-,B,N/A,N/A,N/A,N/A,0.0,N/A,N/A,N/A,N/A,N/A
ULST,SPDR SSgA Ultra Short Term Bond ETF,"$385,758",0.58%,"120,594",$39.99,0.00%,0.13%,0.47%,0.70%,2.46%,7.59%,"-$58,103,414.18","$17,977,648.92","$6,982,960.02","-$77,257,922.60","$183,799,213.45","$367,919,587.77",Total Bond Market,2013-10-09,0.20%,N/A,$0.27,2021-11-01,$0.01,0.66%,0.00,0.07,144,45.16%,40%,20%,1099,$39.77,$40.04,$39.98,$40.01,79.22,B+,B+,B+,B,A,C+,N/A,0.0,N/A,N/A,N/A,N/A,N/A
VBND,Vident Core U.S. Bond Strategy ETF,"$365,023",-12.07%,"26,848",$43.78,0.76%,0.69%,3.14%,-13.11%,-8.19%,-0.87%,"$9,313,260.00","-$4,345,510.00","-$4,345,510.00","$9,313,260.00","-$34,903,890.00","-$130,459,890.00",Total Bond Market,2014-10-15,0.41%,N/A,$0.80,2021-09-14,$0.03,1.55%,0.00,0.12,182,33.72%,40%,20%,1099,$42.13,$44.05,$43.70,$43.93,63.94,B,B,B-,A,C+,B,N/A,6.22,13.29%,37.38%,522.64,3.29%,0.60%
AGZD,WisdomTree Interest Rate Hedged U.S. Aggregate Bond Fund,"$325,182",1.07%,"90,817",$43.62,-0.21%,0.32%,1.30%,1.29%,2.28%,7.55%,"$105,729,255.00","-$8,705,295.00","$531,285.00","$117,400,620.00","$265,438,430.00","$327,521,180.00",Total Bond Market,2013-12-18,0.23%,2 Platforms,$0.81,2021-10-25,$0.06,1.72%,0.00,0.09,2283,21.07%,40%,20%,1099,$43.11,$43.78,$43.38,$44.02,65.81,B,B+,B+,C,A-,B,N/A,6.76,8.36%,42.83%,253.75,2.39%,0.76%
AVIG,Avantis Core Fixed Income ETF,"$316,413",-12.17%,"89,552",$41.95,0.72%,0.55%,2.37%,-12.39%,N/A,N/A,"$239,863,120.00","$6,247,260.00","$30,987,195.00","$252,058,045.00","$318,305,300.00","$318,305,300.00",Total Bond Market,2020-10-13,0.15%,N/A,$0.55,2021-11-01,$0.05,1.13%,0.00,-0.26,443,17.55%,40%,20%,1099,$40.68,$42.18,$41.84,$42.15,61.89,B,B+,A-,N/A,C+,B-,N/A,7.6,76.53%,56.86%,370.52,4.47%,3.25%
ILTB,iShares Core 10+ Year USD Bond ETF,"$315,747",-22.18%,"50,237",$54.19,1.10%,1.08%,7.63%,-23.08%,-12.20%,0.92%,"$51,077,425.00","$5,342,430.00","$15,920,115.00","$51,077,425.00","$63,663,745.00","$133,111,255.00",Total Bond Market,2009-12-08,0.06%,Fidelity,$2.68,2021-11-01,$0.19,3.68%,0.00,0.09,2763,12.66%,40%,20%,1099,$49.70,$55.18,$53.90,$54.70,64.21,B,B,A,C+,C,A,B,6.75,55.10%,42.76%,491.37,6.69%,1.74%
JPIB,JPMorgan International Bond Opportunities ETF,"$296,832",-5.00%,"56,163",$46.72,0.06%,0.58%,2.87%,-4.62%,2.21%,10.67%,"$810,000.00",$0.00,"-$9,196,000.00","$16,023,000.00","$157,235,000.00","$207,684,000.00",Total Bond Market,2017-04-05,0.50%,N/A,$1.52,2021-11-01,$0.10,2.99%,0.00,0.19,625,23.89%,40%,20%,1099,$45.11,$46.94,$46.60,$46.93,74.57,B-,B,C+,C+,B+,A-,N/A,6.8,63.87%,43.46%,226.97,5.38%,2.11%
BGRN,iShares Trust iShares USD Green Bond ETF,"$295,383",-11.44%,"20,105",$46.96,0.60%,0.69%,2.73%,-12.78%,-8.11%,N/A,"$62,136,120.00","$4,652,500.00","$4,652,500.00","$78,479,170.00","$301,279,850.00","$312,266,235.00",Total Bond Market,2018-11-13,0.20%,N/A,$0.16,2020-11-02,$0.16,0.29%,0.00,0.07,294,11.33%,40%,20%,1099,$45.38,$47.23,$46.84,$47.19,63.35,C+,B,B+,N/A,C,C,N/A,8.1,87.86%,68.49%,689.64,10.24%,9.60%
JMUB,JPMorgan Municipal ETF,"$294,823",-6.82%,"114,663",$50.13,0.30%,0.38%,2.97%,-6.74%,-0.57%,N/A,"$202,793,000.00","$12,490,500.00","$39,644,500.00","$205,536,000.00","$260,603,500.00","$276,540,000.00",Total Bond Market,2018-10-29,0.18%,N/A,$1.05,2021-11-01,$0.07,1.91%,0.00,0.05,737,20.81%,40%,20%,1099,$48.71,$50.43,$50.05,$50.26,74.42,A-,B,A-,N/A,A-,B+,N/A,0.0,N/A,N/A,N/A,N/A,N/A
ESGB,IQ MacKay ESG Core Plus Bond ETF,"$251,201",-12.54%,"70,511",$21.19,0.62%,0.71%,3.04%,-12.90%,N/A,N/A,"$238,670,400.00",$0.00,"$7,218,300.00","$238,670,400.00","$244,976,600.00","$244,976,600.00",Total Bond Market,2021-06-29,0.39%,N/A,$0.14,2021-11-01,$0.03,0.55%,0.00,-0.21,484,32.61%,40%,20%,1099,$20.42,$21.33,$21.16,$21.24,64.53,B-,A-,B-,N/A,B,C+,N/A,6.58,20.25%,40.84%,162.35,0.49%,1.24%
NUBD,Nuveen ESG U.S. Aggregate Bond ETF,"$243,785",-11.11%,"64,389",$22.33,0.72%,0.65%,2.75%,-11.42%,-6.58%,1.21%,"$11,795,570.00","$2,217,570.00","$2,217,570.00","$22,084,100.00","$212,250,380.00","$242,087,370.00",Total Bond Market,2017-09-29,0.15%,N/A,$0.57,2021-11-01,$0.04,2.22%,0.00,-0.01,1091,15.05%,40%,20%,1099,$21.62,$22.45,$22.24,$22.45,62.39,B+,B+,A-,N/A,B-,B+,N/A,7.04,50.63%,46.92%,188.78,0.50%,1.33%
HCRB,Hartford Core Bond ETF,"$240,664",-12.66%,"10,128",$34.90,0.72%,0.69%,2.97%,-12.90%,N/A,N/A,"$21,348,840.00",$0.00,"$1,705,865.00","$21,348,840.00","$286,286,914.70","$286,286,914.70",Total Bond Market,2020-02-19,0.29%,N/A,$0.78,2021-10-28,$0.04,1.90%,0.00,0.11,652,30.61%,40%,20%,1099,$33.66,$35.12,$34.82,$35.05,62.67,B-,B-,B,N/A,B-,B+,N/A,0.0,N/A,N/A,N/A,N/A,N/A
OPER,ClearShares Ultra-Short Maturity ETF,"$235,682",1.52%,"24,134",$100.31,0.00%,0.07%,0.30%,1.54%,2.64%,N/A,"$65,084,500.00","-$15,038,000.00","-$20,062,000.00","$60,080,500.00","$160,177,000.00","$245,230,400.00",Total Bond Market,2018-07-10,0.20%,N/A,$0.36,2021-10-27,$0.02,0.36%,0.00,-0.01,1,0.00%,40%,20%,1099,$99.99,$100.35,$100.27,$100.33,85.66,B+,B-,B+,N/A,A+,C+,N/A,0.0,N/A,N/A,N/A,N/A,N/A
UBND,VictoryShares ESG Core Plus Bond ETF,"$214,093",-11.06%,"3,152",$21.68,0.65%,0.51%,2.99%,-11.06%,N/A,N/A,"$49,961,930.00",$0.00,$0.00,"$49,961,930.00","$144,555,430.00","$144,555,430.00",Total Bond Market,2021-10-05,0.40%,N/A,$0.01,2021-11-08,$0.02,0.06%,0.00,0.00,398,21.49%,40%,20%,1099,$20.96,$21.82,$21.68,$21.68,64.51,C,C,B-,N/A,C,C,N/A,0.0,N/A,N/A,N/A,N/A,N/A
JSCP,JPMorgan Short Duration Core Plus ETF,"$210,268",-5.45%,"36,165",$45.99,0.39%,0.58%,1.31%,-5.29%,N/A,N/A,"$52,944,100.00",$0.00,"$13,752,000.00","$62,876,100.00","$177,537,100.00","$177,537,100.00",Total Bond Market,2021-03-01,0.33%,N/A,$0.41,2021-11-01,$0.06,0.83%,0.00,-0.07,732,22.67%,40%,20%,1099,$45.22,$46.02,$45.98,$46.03,68.96,B,B+,B,N/A,A-,C+,N/A,0.0,N/A,N/A,N/A,N/A,N/A
JPIE,JPMorgan Income ETF,"$205,154",-5.56%,"51,585",$45.60,0.51%,0.76%,1.95%,-5.02%,N/A,N/A,"$106,788,600.00","$9,445,800.00","$38,984,700.00","$112,782,600.00","$118,810,200.00","$118,810,200.00",Total Bond Market,2021-10-28,0.41%,N/A,$0.00,N/A,N/A,0.00%,N/A,0.00,706,24.93%,40%,20%,1099,$44.49,$45.63,$45.54,$45.66,67.73,C+,B-,B-,N/A,B+,C,N/A,0.0,N/A,N/A,N/A,N/A,N/A
AVSF,Avantis Short-Term Fixed Income ETF,"$186,434",-5.09%,"40,192",$46.21,0.37%,0.31%,0.72%,-5.05%,N/A,N/A,"$139,084,680.00","$4,605,690.00","$18,381,215.00","$144,024,570.00","$171,388,735.00","$171,388,735.00",Total Bond Market,2020-10-15,0.15%,N/A,$0.22,2021-11-01,$0.02,0.45%,0.00,-0.08,283,15.39%,40%,20%,1099,$45.69,$46.29,$46.08,$46.47,61.21,B,B-,A-,N/A,A-,C+,N/A,7.73,49.66%,59.68%,303.92,3.54%,2.73%
BNDC,FlexShares Core Select Bond Fund,"$168,226",-11.60%,"26,374",$22.49,0.67%,0.55%,2.78%,-11.97%,-5.37%,2.22%,"$59,364,912.50","-$5,282.50","-$12,722.50","$58,059,547.50","$162,600,450.00","$180,590,595.00",Total Bond Market,2016-11-18,0.35%,N/A,$0.61,2021-11-05,$0.04,2.33%,0.00,0.04,13,95.34%,40%,20%,1099,$21.73,$22.63,$22.40,$22.61,62.74,B,B+,B,N/A,B-,B+,N/A,6.83,44.30%,43.87%,288.55,2.89%,1.12%
GBF,iShares Government/Credit Bond ETF,"$167,382",-11.67%,"14,892",$105.43,0.72%,0.52%,2.90%,-12.06%,-6.07%,2.39%,"-$217,531,800.00","-$10,461,370.00","$10,216,480.00","-$217,531,800.00","$95,553,745.00","$92,098,900.00",Total Bond Market,2007-01-05,0.20%,N/A,$1.63,2021-11-01,$0.11,1.34%,0.00,0.02,2539,8.37%,40%,20%,1099,$101.84,$105.93,$105.03,$105.92,62.88,B-,B,B+,B+,C+,B-,B,7.07,13.09%,47.31%,278.27,3.69%,1.37%
EMNT,PIMCO Enhanced Short Maturity Active ESG Exchange-Traded Fund,"$160,392",-0.67%,"20,157",$97.88,0.07%,0.12%,0.45%,-0.54%,1.84%,N/A,"$2,343,400.00","-$24,450,000.00","-$24,450,000.00","-$17,721,600.00","$147,954,300.00","$147,954,300.00",Total Bond Market,2019-12-10,0.25%,N/A,$0.78,2021-11-01,$0.03,0.78%,0.00,0.05,145,36.51%,40%,20%,1099,$97.31,$97.94,$97.86,$97.91,71.70,B,B-,B+,N/A,A,C+,N/A,0.0,N/A,N/A,N/A,N/A,N/A
XMPT,VanEck CEF Muni Income ETF,"$158,914",-23.31%,"65,088",$21.76,0.28%,-0.37%,5.60%,-22.46%,-10.14%,0.77%,"-$4,024,515.00","$15,164,947.50","$16,253,305.00","$1,861,965.00","$42,309,008.25","$103,213,153.05",Total Bond Market,2011-07-12,1.81%,N/A,$1.21,2021-11-01,$0.10,4.13%,0.00,0.25,57,49.35%,40%,20%,1099,$20.73,$22.38,$21.66,$21.90,61.16,B,B+,C,A+,C,A,C+,0.0,N/A,N/A,N/A,N/A,N/A
IMTB,iShares Core 5-10 Year USD Bond ETF,"$147,485",-10.83%,"45,592",$43.83,0.99%,0.83%,2.64%,-10.91%,-6.34%,1.25%,"$42,061,410.00","$8,698,910.00","$12,990,650.00","$37,024,880.00","$62,607,050.00","$126,796,180.00",Total Bond Market,2016-11-01,0.06%,N/A,$1.19,2021-11-01,$0.08,2.34%,0.00,0.02,2574,30.86%,40%,20%,1099,$42.39,$44.00,$43.72,$44.02,62.78,B+,B,A,N/A,B-,B+,N/A,0.0,N/A,N/A,N/A,N/A,N/A
FISR,SPDR SSGA Fixed Income Sector Rotation ETF,"$143,266",-13.48%,"49,305",$26.34,0.80%,0.69%,2.71%,-13.82%,-9.59%,N/A,"$46,936,014.62","$3,662,348.35","$7,275,970.04","$46,292,969.65","$141,581,038.28","$161,049,720.63",Total Bond Market,2019-04-02,0.50%,N/A,$0.80,2021-11-01,$0.05,2.56%,0.00,0.08,8,100.00%,40%,20%,1099,$25.46,$26.50,$26.28,$26.47,61.93,C+,B,C+,N/A,C,A-,N/A,6.34,37.24%,38.53%,189.71,1.07%,0.51%
MUSI,American Century Multisector Income ETF,"$127,027",-9.40%,"8,497",$43.41,0.56%,0.79%,1.90%,-8.85%,N/A,N/A,"$24,204,155.00",$0.00,$0.00,"$29,137,165.00","$122,579,854.00","$122,579,854.00",Total Bond Market,2021-06-29,0.35%,N/A,$0.51,2021-11-01,$0.13,1.03%,0.00,-0.16,293,21.05%,40%,20%,1099,$42.39,$43.45,$43.36,$43.46,65.04,B-,C+,B,N/A,B+,B-,N/A,0.0,N/A,N/A,N/A,N/A,N/A
STOT,SPDR DoubleLine Short Duration Total Return Tactical ETF,"$125,494",-3.91%,"13,672",$46.20,0.15%,0.27%,1.07%,-3.60%,-1.07%,4.09%,"-$27,157,758.86",$0.00,"-$3,454,606.80","-$27,157,758.86","-$2,023,379.34","$93,530,901.50",Total Bond Market,2016-04-13,0.45%,N/A,$0.75,2021-11-01,$0.06,1.52%,0.00,0.06,279,41.49%,40%,20%,1099,$45.57,$46.29,$46.18,$46.23,67.74,B+,B,B-,N/A,A,B,N/A,0.0,N/A,N/A,N/A,N/A,N/A
AFIF,Anfield Universal Fixed Income ETF,"$116,645",-5.15%,"54,186",$8.84,0.45%,0.34%,1.26%,-5.21%,-3.68%,N/A,"-$4,932,500.00",$0.00,"-$1,533,000.00","-$4,453,500.00","$110,419,750.00","$129,575,750.00",Total Bond Market,2018-09-18,1.00%,N/A,$0.16,2021-10-15,$0.02,1.62%,0.00,0.05,297,22.43%,40%,20%,1099,$8.69,$8.85,$8.82,$8.85,61.42,C+,B,C,N/A,C+,B,N/A,0.0,N/A,N/A,N/A,N/A,N/A
OACP,OneAscent Core Plus Bond ETF,"$103,320",N/A,"18,828",$23.12,0.48%,0.51%,2.89%,N/A,N/A,N/A,"$91,798,500.00","$1,148,000.00","$4,540,500.00","$91,798,500.00","$91,798,500.00","$91,798,500.00",Total Bond Market,2022-03-30,0.79%,N/A,N/A,N/A,N/A,N/A,N/A,N/A,97,24.89%,N/A,N/A,N/A,$22.35,$23.26,$23.11,$23.15,63.01,N/A,N/A,B-,N/A,N/A,N/A,N/A,0.0,N/A,N/A,N/A,N/A,N/A
BYLD,iShares Yield Optimized Bond ETF,"$100,668",-9.35%,"31,160",$21.99,0.50%,0.87%,1.58%,-9.37%,-6.22%,3.97%,"-$25,193,221.70",$0.00,$0.00,"-$27,698,851.70","-$46,831,741.70","$88,950,608.30",Total Bond Market,2014-04-22,0.20%,N/A,$0.76,2021-11-02,$0.04,3.05%,0.00,0.15,9,100.01%,40%,20%,1099,$21.51,$22.03,$21.94,$22.07,62.94,B+,B,B+,B-,B-,A,N/A,6.44,42.35%,39.46%,265.14,3.65%,1.44%
DYLD,LeaderShares Dynamic Yield ETF,"$93,168",-9.15%,"17,538",$22.58,0.53%,0.52%,2.19%,-9.22%,N/A,N/A,"$25,647,500.00",$0.00,$0.00,"$25,647,500.00","$76,063,500.00","$76,063,500.00",Total Bond Market,2021-06-28,0.75%,N/A,$0.15,2021-10-25,$0.05,0.60%,0.00,-0.39,153,48.47%,40%,20%,1099,$21.99,$22.68,$22.54,$22.65,64.65,C+,B,C,N/A,B+,C+,N/A,7.79,80.61%,60.97%,59.63,5.09%,2.13%
FFTI,FormulaFolios Tactical Income ETF,"$92,970",-11.77%,"17,032",$20.77,0.53%,0.48%,1.66%,-11.55%,-10.52%,-5.05%,"-$66,470,500.00","-$1,034,000.00","-$1,024,500.00","-$66,476,500.00","-$128,031,500.00","-$23,250,250.00",Total Bond Market,2017-06-06,0.96%,N/A,$0.66,2021-10-15,$0.06,2.77%,0.00,0.22,6,100.00%,40%,20%,1099,$20.30,$20.83,$20.74,$20.82,61.34,B-,B,C,N/A,B-,A-,N/A,6.18,39.88%,36.99%,264.85,1.07%,0.40%
GRNB,VanEck Green Bond ETF,"$74,352",-10.71%,"17,672",$23.37,0.30%,0.64%,2.85%,-10.92%,-5.73%,-3.86%,"-$13,628,780.00",$0.00,"-$6,828,720.00","-$13,628,780.00","$63,095,915.00","$78,895,642.50",Total Bond Market,2017-03-03,0.20%,N/A,$0.58,2021-11-01,$0.05,2.16%,0.00,0.10,323,9.01%,40%,20%,1099,$22.58,$23.50,$23.33,$23.43,64.59,B,B-,B+,N/A,B,B+,N/A,7.89,84.68%,63.32%,674.94,9.35%,10.18%
SEIX,Virtus Seix Senior Loan ETF,"$73,178",-1.84%,"39,026",$23.47,0.17%,0.23%,0.77%,-1.33%,7.30%,N/A,"$27,113,850.00","-$12,275,700.00","-$15,198,575.00","$27,113,850.00","$72,054,200.00","$73,305,250.00",Total Bond Market,2019-04-24,0.57%,N/A,$0.80,2021-10-20,$0.07,3.17%,0.00,0.29,74,15.00%,40%,20%,1099,$23.34,$23.47,$23.42,$23.51,58.95,A-,B+,C+,N/A,A-,A,N/A,0.0,N/A,N/A,N/A,N/A,N/A
HTAB,Hartford Schroders Tax-Aware Bond ETF,"$71,444",-7.35%,"13,332",$19.31,0.05%,0.29%,3.68%,-7.24%,-2.35%,N/A,"-$23,607,570.00",$0.00,$0.00,"-$32,174,200.00","$5,740,935.00","$79,192,790.26",Total Bond Market,2018-04-18,0.39%,N/A,$0.31,2021-10-28,$0.02,1.43%,0.00,0.06,147,30.64%,40%,20%,1099,$18.64,$19.52,$19.27,$19.39,69.93,B-,B-,B-,N/A,B+,B,N/A,0.0,N/A,N/A,N/A,N/A,N/A
PBND,Invesco PureBeta US Aggregate Bond ETF,"$71,011",-10.85%,"29,629",$22.36,0.77%,0.75%,2.94%,-11.20%,-6.17%,2.07%,"$49,485,500.00","$2,219,000.00","$19,661,800.00","$49,485,500.00","$49,240,700.00","$49,240,700.00",Total Bond Market,2017-09-29,0.05%,N/A,$0.65,2021-10-18,$0.04,2.54%,0.00,-0.30,900,11.95%,40%,20%,1099,$21.58,$22.46,$22.29,$22.44,63.54,B+,B-,A,N/A,B-,A-,N/A,6.67,26.58%,41.90%,252.78,2.65%,0.78%
PTRB,PGIM Total Return Bond ETF,"$70,104",-12.95%,"21,037",$42.18,0.81%,0.85%,2.78%,-13.23%,N/A,N/A,"$55,053,175.00","$1,046,525.00","$2,085,950.00","$55,053,175.00","$55,053,175.00","$55,053,175.00",Total Bond Market,2021-12-08,0.49%,N/A,N/A,N/A,N/A,N/A,N/A,N/A,316,35.09%,40%,20%,1099,$40.69,$42.40,$42.10,$42.33,63.84,N/A,B-,C+,N/A,B-,N/A,N/A,0.0,N/A,N/A,N/A,N/A,N/A
SPSK,SP Funds Dow Jones Global Sukuk ETF,"$68,696",-7.61%,"25,925",$17.84,0.68%,0.73%,2.11%,-7.53%,N/A,N/A,"$34,393,545.00","$2,660,915.00","$4,847,927.50","$34,393,545.00","$73,957,717.50","$73,957,717.50",Total Bond Market,2019-12-30,0.59%,N/A,$0.50,2021-10-26,$0.04,2.55%,0.00,0.21,101,23.43%,40%,20%,1099,$17.37,$17.92,$17.77,$17.92,65.33,B+,B,C+,N/A,A-,A-,N/A,3.94,2.89%,8.27%,1639.65,0.00%,0.54%
FIBR,iShares U.S. Fixed Income Balanced Risk Factor ETF,"$67,284",-12.37%,"2,662",$84.89,0.80%,0.87%,1.56%,-12.31%,-9.77%,-2.10%,"-$30,585,220.00",$0.00,$0.00,"-$35,568,810.00","-$65,623,060.00","-$54,231,790.00",Total Bond Market,2015-02-24,0.25%,N/A,$2.11,2021-11-01,$0.14,2.11%,0.00,0.13,660,17.08%,40%,20%,1099,$82.93,$84.93,$84.89,$84.89,60.88,B-,C+,B+,N/A,C+,B+,N/A,7.82,81.63%,61.69%,270.43,6.08%,2.02%
HSRT,Hartford Short Duration ETF,"$66,167",-4.39%,"14,122",$37.89,0.37%,0.29%,0.90%,-4.26%,0.13%,N/A,"-$61,343,510.00","-$3,783,600.00","-$3,783,600.00","-$57,288,385.00","-$48,197,620.00","$72,216,140.04",Total Bond Market,2018-05-30,0.29%,N/A,$0.86,2021-10-28,$0.06,2.11%,0.00,0.17,327,16.70%,40%,20%,1099,$37.47,$37.93,$37.81,$38.02,62.64,B+,B-,B,N/A,A,B+,N/A,0.0,N/A,N/A,N/A,N/A,N/A
SHAG,WisdomTree Yield Enhanced U.S. Short-Term Aggregate Bond Fund,"$65,552",-5.92%,"17,928",$46.96,0.38%,0.36%,0.92%,-5.90%,-2.12%,4.17%,"-$81,271,550.00","-$9,365,810.00","-$14,016,310.00","-$81,271,550.00","$1,028,200.00","$69,842,220.00",Total Bond Market,2017-05-18,0.12%,N/A,$0.66,2021-10-25,$0.04,1.29%,0.00,0.04,260,49.52%,40%,20%,1099,$46.32,$47.04,$46.89,$47.07,62.11,B+,B-,A-,N/A,A-,B-,N/A,7.2,56.96%,49.32%,131.76,2.15%,0.53%
NFLT,Virtus Newfleet Multi-Sector Bond ETF,"$65,201",-8.29%,"45,255",$22.25,0.68%,0.86%,2.02%,-8.08%,1.21%,6.17%,"$45,083,750.00",$0.00,"$15,327,300.00","$45,083,750.00","$45,234,900.00","-$89,575,950.00",Total Bond Market,2015-08-11,0.50%,N/A,$0.84,2021-10-20,$0.08,3.33%,0.00,0.25,8,10.16%,40%,20%,1099,$21.67,$22.27,$22.16,$22.40,71.19,B,B-,C+,N/A,B+,A,N/A,5.61,16.07%,30.49%,267.29,3.28%,0.96%
ULTR,IQ Ultra Short Duration ETF,"$57,055",0.27%,"13,731",$47.65,0.32%,0.26%,0.88%,-1.14%,0.16%,N/A,"-$76,024,478.50","-$4,754,598.00","-$7,129,264.00","-$76,024,478.50","-$16,203,970.00","$36,375,437.00",Total Bond Market,2019-07-31,0.25%,N/A,$0.73,2021-11-01,$0.04,1.49%,0.00,0.11,88,35.62%,40%,20%,1099,$47.14,$47.71,$47.63,$47.70,66.62,B+,B,B+,N/A,A-,B,N/A,7.57,42.86%,56.21%,231.46,7.27%,0.44%
DBND,DoubleLine Opportunistic Bond ETF,"$54,728",N/A,"18,800",$46.54,0.43%,0.32%,2.64%,N/A,N/A,N/A,"$7,337,600.00",$0.00,"$7,337,600.00","$7,337,600.00","$7,337,600.00","$7,337,600.00",Total Bond Market,2022-03-31,0.50%,N/A,N/A,N/A,N/A,N/A,N/A,N/A,218,44.23%,40%,20%,1099,$45.13,$46.87,$46.49,$46.65,64.43,N/A,N/A,N/A,N/A,N/A,N/A,N/A,0.0,N/A,N/A,N/A,N/A,N/A
TBUX,T. Rowe Price Ultra Short-Term Bond ETF,"$52,281",-0.44%,"10,089",$48.67,0.08%,0.21%,0.64%,-0.43%,N/A,N/A,"$28,209,046.08","$1,214,231.18","$1,214,231.18","$29,452,572.40","$30,698,695.42","$30,698,695.42",Total Bond Market,2021-09-28,0.17%,N/A,$0.02,2021-10-25,$0.02,0.04%,0.00,0.00,284,15.88%,40%,20%,1099,$48.29,$48.72,$48.63,$48.75,74.73,B,C+,A-,N/A,A,C,N/A,7.34,34.69%,51.66%,326.68,6.80%,2.17%
OVB,Overlay Shares Core Bond ETF,"$49,725",-14.83%,"16,428",$21.06,0.67%,0.83%,2.79%,-14.96%,-6.21%,N/A,"-$73,899,307.50",$0.00,"-$2,080,130.00","-$72,600,405.00","$35,885,882.50","$74,709,065.00",Total Bond Market,2019-09-30,0.80%,N/A,$0.98,2021-10-04,$0.24,3.80%,0.00,0.11,4,100.00%,40%,20%,1099,$20.35,$21.18,$20.96,$21.18,62.47,B-,B+,C,N/A,C,A,N/A,0.0,N/A,N/A,N/A,N/A,N/A
PFRL,PGIM Floating Rate Income ETF,"$49,107",N/A,"7,208",$49.29,0.24%,0.51%,0.49%,N/A,N/A,N/A,"$24,710,575.00",$0.00,"$1,227,875.00","$24,710,575.00","$24,710,575.00","$24,710,575.00",Total Bond Market,2022-05-24,0.72%,N/A,N/A,N/A,N/A,N/A,N/A,N/A,305,25.47%,40%,20%,1099,$48.92,$49.22,$49.23,$49.33,62.63,N/A,N/A,N/A,N/A,N/A,N/A,N/A,0.0,N/A,N/A,N/A,N/A,N/A
HSUN,Hartford Sustainable Income ETF,"$44,839",-11.65%,945,$33.50,0.54%,0.72%,3.38%,-11.62%,N/A,N/A,"$3,448,855.00",$0.00,$0.00,"$3,448,855.00","$53,448,815.58","$53,448,815.58",Total Bond Market,2021-09-21,0.54%,N/A,$0.06,2021-10-28,$0.06,0.16%,0.00,0.00,277,27.48%,40%,20%,1099,$32.05,$33.66,$33.50,$33.50,70.85,C,C,C+,N/A,B+,C,N/A,0.0,N/A,N/A,N/A,N/A,N/A
RFCI,RiverFront Dynamic Core Income ETF,"$43,563",-6.12%,"25,322",$22.46,0.54%,0.49%,1.54%,-6.16%,-1.46%,5.61%,"-$51,029,000.00",$0.00,"-$1,665,000.00","-$62,289,500.00","-$80,748,500.00","-$6,620,000.00",Total Bond Market,2016-06-12,0.51%,N/A,$0.46,2021-11-10,$0.03,1.84%,0.00,0.05,60,41.68%,40%,20%,1099,$21.99,$22.51,$22.42,$22.51,62.40,C+,B-,C+,B-,B,B,N/A,7.96,84.18%,64.85%,146.44,3.59%,0.45%
PAB,PGIM Active Aggregate Bond ETF,"$42,152",-12.46%,909,$42.44,0.71%,0.71%,2.94%,-12.68%,N/A,N/A,"$23,274,700.00",$0.00,$0.00,"$23,274,700.00","$24,495,852.50","$24,495,852.50",Total Bond Market,2021-04-15,0.19%,N/A,$0.46,2021-11-01,$0.08,0.91%,0.00,-0.35,255,57.07%,40%,20%,1099,$40.95,$42.69,$42.43,$42.45,62.99,C,C,B+,N/A,C,B-,N/A,0.0,N/A,N/A,N/A,N/A,N/A
RDFI,Collaborative Investment Series Trust Rareview Dynamic Fixed Income Fund,"$41,956",-15.77%,"10,575",$22.86,0.66%,0.44%,3.39%,-14.74%,N/A,N/A,"-$4,582,787.50",$0.00,"-$556,735.00","-$11,048,292.50","$43,848,775.00","$43,848,775.00",Total Bond Market,2020-10-21,3.04%,N/A,$1.33,2021-11-02,$0.14,4.46%,3.03,-0.40,27,54.28%,40%,20%,1099,$22.07,$23.19,$22.81,$22.96,60.36,C+,C+,C,N/A,C,A,N/A,0.0,N/A,N/A,N/A,N/A,N/A
HISF,First Trust High Income Strategic Focus ETF,"$39,997",-9.10%,"7,285",$44.62,0.41%,0.70%,1.58%,-7.41%,-1.26%,7.51%,"-$15,417,850.00",$0.00,$0.00,"-$15,417,850.00","-$15,417,850.00","-$15,417,850.00",Total Bond Market,2014-08-13,0.87%,N/A,N/A,N/A,N/A,N/A,N/A,N/A,7,100.00%,40%,20%,1099,$43.72,$44.68,$44.55,$44.69,64.43,B+,B+,C+,B,A,N/A,N/A,0.0,N/A,N/A,N/A,N/A,N/A
MINC,AdvisorShares Newfleet Multi-Sector Income ETF,"$39,690",-5.25%,"9,752",$44.99,0.27%,0.50%,1.03%,-5.21%,-1.52%,4.06%,"-$52,410,048.00",$0.00,$0.00,"-$52,410,048.00","-$23,074,641.75","-$159,994,516.25",Total Bond Market,2013-03-19,0.75%,N/A,$0.77,2021-10-25,$0.06,1.59%,0.00,0.16,276,17.09%,40%,20%,1099,$44.37,$44.96,$44.90,$45.08,63.80,B-,C+,C,B,A-,B,A-,0.0,N/A,N/A,N/A,N/A,N/A
TBJL,Innovator 20+ Year Treasury Bond 9 Buffer ETF - July,"$37,974",-16.80%,"26,020",$20.39,0.64%,0.61%,5.73%,-16.95%,N/A,N/A,"$32,525,797.50",$0.00,"$1,928,257.50","$32,525,797.50","$37,664,162.63","$37,664,162.63",Total Bond Market,2020-08-18,0.79%,N/A,$0.00,N/A,N/A,0.00%,0.00,0.11,2,100.00%,40%,20%,1099,$19.07,$20.69,$20.26,$20.66,61.05,C,C+,C,N/A,C,C,N/A,0.0,N/A,N/A,N/A,N/A,N/A
BBSA,JPMorgan BetaBuilders 1-5 Year U.S. Aggregate Bond ETF,"$37,734",-5.40%,"7,377",$47.34,0.38%,0.37%,0.86%,-5.39%,-1.65%,N/A,"$4,885,500.00",$0.00,$0.00,"$1,058,250.00","$3,863,956.04","$12,794,956.04",Total Bond Market,2019-03-12,0.05%,N/A,$0.63,2021-11-01,$0.04,1.23%,0.00,-0.08,651,32.61%,40%,20%,1099,$46.72,$47.40,$47.21,$47.44,61.54,B+,C+,A,N/A,A-,B-,N/A,6.69,29.75%,42.11%,148.04,1.60%,0.52%
TAGG,T. Rowe Price QM U.S. Bond ETF,"$36,478",-10.68%,805,$43.19,0.77%,0.66%,2.90%,-10.93%,N/A,N/A,"$4,798,514.78",$0.00,"-$1,061,359.27","$6,043,915.30","$14,807,104.13","$14,807,104.13",Total Bond Market,2021-09-28,0.08%,N/A,$0.03,2021-10-25,$0.03,0.06%,0.00,0.00,437,34.16%,40%,20%,1099,$41.67,$43.45,$43.16,$43.23,61.91,C+,C+,A,N/A,C+,C,N/A,0.0,N/A,N/A,N/A,N/A,N/A
JIB,Janus Henderson Sustainable & Impact Core Bond ETF,"$35,896",-12.55%,"5,906",$42.45,0.38%,0.42%,2.54%,-12.69%,N/A,N/A,"-$4,774,000.00",$0.00,$0.00,"-$4,774,000.00","-$7,253,000.00","-$7,253,000.00",Total Bond Market,2021-09-08,0.40%,N/A,$0.08,2021-11-01,$0.08,0.15%,0.00,-0.19,236,36.33%,40%,20%,1099,$41.21,$42.75,$42.45,$42.45,63.38,C,C,B-,N/A,B,C,N/A,0.0,N/A,N/A,N/A,N/A,N/A
LSST,Natixis ETF Trust,"$35,383",-3.28%,"10,295",$23.68,0.42%,0.51%,1.00%,-3.32%,2.06%,N/A,"-$9,569,235.00",$0.00,"$1,172,920.00","-$3,313,860.00","$7,863,300.00","$35,345,370.00",Total Bond Market,2017-12-27,0.38%,N/A,$1.09,2021-10-26,$0.02,4.36%,0.00,0.07,366,29.48%,40%,20%,1099,$23.37,$23.66,$23.62,$23.72,68.75,A-,B-,B-,N/A,A,A,N/A,0.0,N/A,N/A,N/A,N/A,N/A
OBND,SPDR Loomis Sayles Opportunistic Bond ETF,"$33,662",-9.24%,"3,811",$26.14,0.58%,0.58%,2.77%,-9.02%,N/A,N/A,"-$4,121,573.40",$0.00,$0.00,"-$4,121,573.40","$9,356,105.85","$9,356,105.85",Total Bond Market,2021-09-27,0.55%,N/A,$0.04,2021-11-01,$0.04,0.15%,0.00,0.00,421,16.04%,40%,20%,1099,$25.30,$26.27,$26.13,$26.15,66.43,C,C,C+,N/A,B+,C,N/A,0.0,N/A,N/A,N/A,N/A,N/A
NUAG,Nuveen Enhanced Yield U.S. Aggregate Bond ETF,"$33,324",-12.11%,"37,155",$20.99,0.77%,0.67%,2.91%,-12.40%,-7.29%,0.14%,"-$279,157,970.00",$0.00,$0.00,"-$279,157,970.00","$28,631,700.00","$31,594,410.00",Total Bond Market,2016-09-14,0.20%,N/A,$0.62,2021-11-01,$0.04,2.49%,0.00,0.06,926,20.93%,40%,20%,1099,$20.25,$21.12,$20.90,$21.12,63.63,B,B+,B+,N/A,C,A-,N/A,0.0,N/A,N/A,N/A,N/A,N/A
NUSA,Nuveen Enhanced Yield 1-5 Year U.S. Aggregate Bond ETF,"$31,913",-5.45%,"3,966",$22.89,0.39%,0.36%,1.02%,-5.45%,-1.46%,4.53%,"-$4,636,010.00",$0.00,"-$2,274,380.00","-$4,636,010.00","$5,513,490.00","$15,230,440.00",Total Bond Market,2017-03-31,0.20%,N/A,$0.59,2021-11-01,$0.04,2.39%,0.00,0.03,324,24.24%,40%,20%,1099,$22.58,$22.91,$22.89,$22.89,64.07,B+,C+,B+,N/A,A-,A-,N/A,7.5,65.82%,54.79%,706.92,9.37%,1.52%
HOLD,AdvisorShares North Square McKee Core Reserves ETF,"$31,639",0.07%,351,$97.35,0.03%,0.09%,0.28%,0.10%,0.84%,5.65%,"-$3,398,940.30",$0.00,"-$971,583.50","-$3,398,940.30","-$64,202,588.15","-$41,706,377.90",Total Bond Market,2014-01-14,0.35%,N/A,$0.67,2021-10-25,$0.03,0.68%,0.00,0.06,79,38.07%,40%,20%,1099,$96.94,$97.42,$97.35,$97.35,67.53,B-,C,B-,B,A,C+,N/A,0.0,N/A,N/A,N/A,N/A,N/A
WBND,Western Asset Total Return ETF,"$30,724",-18.92%,"25,806",$20.71,1.02%,0.98%,4.33%,-19.05%,-13.06%,N/A,"-$67,750,287.52",-$236.90,"-$1,976,324.09","-$67,744,428.24","-$43,398,790.30","$35,148,002.50",Total Bond Market,2018-10-03,0.45%,N/A,$1.73,2021-11-01,$0.06,6.48%,0.00,0.25,466,23.58%,40%,20%,1099,$19.71,$20.82,$20.66,$20.81,65.33,B,B+,B-,N/A,C,A,N/A,0.0,N/A,N/A,N/A,N/A,N/A
SSFI,Day Hagan/Ned Davis Research Smart Sector Fixed Income ETF,"$30,236",-10.50%,"2,709",$22.13,0.55%,0.78%,2.68%,-10.55%,N/A,N/A,"$12,873,000.00",$0.00,$0.00,"$14,125,500.00","$32,849,250.00","$32,849,250.00",Total Bond Market,2021-09-29,0.79%,N/A,$0.00,N/A,N/A,0.00%,0.00,0.00,9,100.00%,40%,20%,1099,$21.44,$22.25,$22.08,$22.23,62.70,C,C+,C,N/A,B+,C,N/A,6.15,50.00%,36.68%,223.88,1.29%,0.63%
SIFI,Harbor Scientific Alpha Income ETF,"$29,932",-9.70%,"1,351",$43.12,0.49%,0.94%,1.99%,-9.33%,N/A,N/A,$0.00,$0.00,$0.00,$0.00,$0.00,$0.00,Total Bond Market,2021-09-13,0.50%,N/A,$0.15,2021-11-01,$0.15,0.30%,0.00,0.00,159,15.68%,40%,20%,1099,$42.08,$43.15,$43.12,$43.12,67.01,C,C,C+,N/A,B,C+,N/A,8.08,86.73%,68.09%,267.77,9.79%,3.44%
BKUI,BNY Mellon Ultra Short Income ETF,"$26,875",-0.29%,"5,843",$48.90,0.14%,0.18%,0.47%,-0.23%,N/A,N/A,"$3,200.00",$0.00,$0.00,"-$2,485,650.00","$2,510,600.00","$2,510,600.00",Total Bond Market,2021-08-09,0.12%,N/A,$0.05,2021-11-01,$0.02,0.10%,0.00,-0.02,68,36.89%,40%,20%,1099,$48.61,$48.91,$48.89,$48.93,76.42,B,C+,A-,N/A,A,C,N/A,9.78,96.60%,96.26%,15.63,0.92%,1.47%
TOTR,T. Rowe Price Total Return ETF,"$24,811",-13.96%,"1,892",$41.70,0.72%,0.70%,2.72%,-14.10%,N/A,N/A,"$7,514,718.66",$0.00,"$1,020,507.07","$7,514,718.66","$7,514,718.66","$7,514,718.66",Total Bond Market,2021-09-28,0.31%,N/A,$0.04,2021-10-25,$0.04,0.09%,0.00,0.00,458,27.17%,40%,20%,1099,$40.33,$41.90,$41.67,$41.75,62.02,C,C,B,N/A,B-,C,N/A,0.0,N/A,N/A,N/A,N/A,N/A
WINC,Western Asset Short Duration Income ETF,"$24,655",-6.84%,"7,188",$23.59,0.51%,0.55%,0.96%,-6.60%,0.06%,N/A,"-$2,137,216.02","$3,113.17","$4,935.19","$5,597,149.00","$3,317,952.52","$3,322,202.61",Total Bond Market,2019-02-07,0.29%,N/A,$0.67,2021-11-01,$0.04,2.57%,0.00,0.39,261,26.68%,40%,20%,1099,$23.21,$23.59,$23.57,$23.61,65.11,B+,B-,B,N/A,B+,A-,N/A,0.0,N/A,N/A,N/A,N/A,N/A
MMSB,IQ MacKay Multi-Sector Income ETF,"$24,054",N/A,0,$24.26,0.66%,0.73%,3.51%,N/A,N/A,N/A,$0.00,$0.00,$0.00,$0.00,$0.00,$0.00,Total Bond Market,2022-07-26,0.40%,N/A,N/A,N/A,N/A,N/A,N/A,N/A,522,18.02%,40%,20%,1099,$23.29,$24.40,$24.26,$24.26,69.28,N/A,C,A-,N/A,N/A,N/A,N/A,0.0,N/A,N/A,N/A,N/A,N/A
TGIF,SoFi Weekly Income ETF,"$23,776",-5.62%,"2,091",$95.64,0.46%,1.07%,1.70%,-5.19%,N/A,N/A,"$2,525,355.00",$0.00,$0.00,"$2,525,355.00","$22,937,012.50","$22,937,012.50",Total Bond Market,2020-10-01,0.59%,N/A,$2.45,2021-11-09,$0.05,2.32%,0.00,-0.21,183,12.59%,40%,20%,1099,$93.57,$95.62,$95.31,$95.89,65.37,B-,C+,C+,N/A,B+,B+,N/A,5.76,12.76%,31.86%,282.52,4.05%,2.20%
SDEF,Sound Enhanced Fixed Income ETF,"$22,942",-12.73%,"4,352",$17.50,1.16%,0.71%,1.64%,-11.19%,N/A,N/A,"$10,330,782.50",$0.00,"$431,240.00","$13,439,547.50","$26,984,100.00","$26,984,100.00",Total Bond Market,2020-12-30,1.89%,N/A,$0.76,2021-10-26,$0.04,3.63%,0.00,0.34,50,28.71%,40%,20%,1099,$17.12,$17.58,$17.37,$17.62,59.23,C+,C+,C,N/A,C,A,N/A,6.1,29.59%,36.24%,241.97,3.19%,1.38%
TFJL,Innovator 20+ Year Treasury Bond 5 Floor ETF - July,"$18,442",-11.31%,"19,166",$21.18,0.81%,0.67%,5.80%,-12.80%,N/A,N/A,"$6,513,015.00",$0.00,"-$3,050,015.00","$9,503,680.00","$19,894,335.13","$19,894,335.13",Total Bond Market,2020-08-18,0.79%,N/A,$0.00,N/A,N/A,0.00%,0.00,0.05,2,100.00%,40%,20%,1099,$19.73,$21.44,$21.18,$21.18,62.69,C,B-,C,N/A,B,C,N/A,0.0,N/A,N/A,N/A,N/A,N/A
ADFI,Anfield Dynamic Fixed Income ETF,"$16,980",-9.66%,"10,058",$8.55,0.83%,0.77%,2.23%,-10.00%,N/A,N/A,"$2,700,000.00","$424,500.00","$843,500.00","$2,700,000.00","$19,293,740.02","$19,293,740.02",Total Bond Market,2020-08-18,1.73%,N/A,$0.08,2021-10-15,$0.00,0.81%,0.00,0.07,10,100.00%,40%,20%,1099,$8.31,$8.58,$8.53,$8.59,62.59,C,C+,C,N/A,C+,C+,N/A,0.0,N/A,N/A,N/A,N/A,N/A
USBF,iShares USD Bond Factor ETF,"$16,959",-12.27%,108,$85.49,0.67%,0.62%,2.99%,-12.28%,N/A,N/A,$0.00,$0.00,$0.00,$0.00,$0.00,$0.00,Total Bond Market,2021-10-12,0.18%,N/A,$0.00,N/A,N/A,0.00%,0.00,0.00,695,29.48%,40%,20%,1099,$82.46,$86.02,$85.49,$85.49,62.86,N/A,C,A-,N/A,N/A,C,N/A,0.0,N/A,N/A,N/A,N/A,N/A
VABS,Virtus Newfleet ABS/MBS ETF,"$12,593",-5.38%,"1,872",$22.94,0.13%,0.22%,0.57%,-5.43%,N/A,N/A,"-$2,355,500.00",$0.00,$0.00,"-$2,355,500.00","$7,644,450.00","$7,644,450.00",Total Bond Market,2021-02-09,0.39%,N/A,$0.28,2021-10-20,$0.04,1.13%,0.00,-0.07,96,34.41%,40%,20%,1099,$22.73,$22.97,$22.94,$22.94,58.65,C+,C,B-,N/A,A-,B-,N/A,0.0,N/A,N/A,N/A,N/A,N/A
FSBD,Fidelity Sustainable Core Plus Bond ETF,"$11,813",N/A,238,$47.70,0.78%,0.93%,3.05%,N/A,N/A,N/A,$0.00,$0.00,$0.00,$0.00,$0.00,$0.00,Total Bond Market,2022-04-19,0.36%,N/A,N/A,N/A,N/A,N/A,N/A,N/A,297,48.81%,40%,20%,1099,$45.98,$47.90,$47.67,$47.75,64.35,N/A,N/A,A-,N/A,N/A,N/A,N/A,0.0,N/A,N/A,N/A,N/A,N/A
FIGB,Fidelity Investment Grade Bond ETF,"$8,628",-11.57%,"1,886",$43.44,0.65%,0.52%,2.99%,-11.91%,N/A,N/A,"-$290,489.55",$0.00,$0.00,"-$290,489.55","-$290,489.55","-$290,489.55",Total Bond Market,2021-03-02,0.36%,N/A,$0.43,2021-10-27,$0.06,0.86%,0.00,-0.25,145,44.52%,40%,20%,1099,$41.96,$43.70,$43.36,$43.56,63.17,C,C+,B-,N/A,B-,C+,N/A,0.0,N/A,N/A,N/A,N/A,N/A
USI,Principal Ultra-Short Active Income ETF,"$7,226",0.13%,506,$24.09,0.04%,0.00%,0.46%,0.19%,1.78%,N/A,"-$1,204,410.00",$0.00,$0.00,"-$1,204,410.00","-$4,910,985.00","$7,592,895.00",Total Bond Market,2019-04-24,0.18%,N/A,$0.38,2021-11-01,$0.02,1.53%,0.00,0.04,38,38.34%,40%,20%,1099,$23.96,$24.11,$24.09,$24.09,66.13,B+,C,A-,N/A,A,B,N/A,8.5,69.39%,77.42%,495.21,8.83%,1.35%
FSLD,Fidelity Sustainable Low Duration Bond ETF,"$4,982",N/A,151,$49.85,0.04%,0.10%,0.36%,N/A,N/A,N/A,$0.00,$0.00,$0.00,$0.00,$0.00,$0.00,Total Bond Market,2022-04-19,0.30%,N/A,N/A,N/A,N/A,N/A,N/A,N/A,107,29.87%,40%,20%,1099,$49.65,$49.87,$49.85,$49.85,69.23,N/A,N/A,A,N/A,N/A,N/A,N/A,8.56,72.79%,78.42%,294.08,7.00%,1.20%
AGGH,Simplify Aggregate Bond PLUS Credit Hedge ETF,"$1,708",N/A,971,$22.90,0.62%,0.71%,3.59%,N/A,N/A,N/A,"$650,300.00",$0.00,$0.00,"$650,300.00","$650,300.00","$650,300.00",Total Bond Market,2022-02-14,0.30%,N/A,N/A,N/A,N/A,N/A,N/A,N/A,4,99.99%,40%,20%,1099,$22.15,$23.03,$22.90,$22.90,61.37,N/A,C,B,N/A,N/A,N/A,N/A,0.0,N/A,N/A,N/A,N/A,N/A
KDRN,Kingsbarn Tactical Bond ETF,"$1,095",-10.71%,"4,372",$22.09,1.14%,0.66%,2.65%,N/A,N/A,N/A,"-$415,802.50",$0.00,$0.00,"$833,827.50","$833,827.50","$833,827.50",Total Bond Market,2021-12-13,1.14%,N/A,N/A,N/A,N/A,N/A,N/A,N/A,6,100.00%,40%,20%,1099,$21.36,$22.15,$22.09,$22.09,63.29,N/A,C,C,N/A,C+,N/A,N/A,0.0,N/A,N/A,N/A,N/A,N/A
INC,VanEck Dynamic High Income ETF,$526,N/A,N/A,$26.50,0.91%,1.39%,2.28%,N/A,N/A,N/A,$0.00,$0.00,$0.00,$0.00,$0.00,$0.00,Total Bond Market,2022-11-01,0.43%,N/A,$1.99,2016-04-01,$0.27,2.00%,0.00,-0.15,15,92.33%,40%,20%,1099,$25.63,$26.66,$26.50,$26.50,68.53,B-,C,B,N/A,B+,B+,N/A,0.0,N/A,N/A,N/A,N/A,N/A
