Quarter,WAL,Aaa/AAA,Aa1/AA+,Aa2/AA,Aa3/AA-,A1/A+,A2/A,A3/A-,Baa1/BBB+,Baa2/BBB,Baa3/BBB-
2025Q1,1,9.25,15.47,21.68,28.72,35.76,42.79,50.52,58.25,65.98,106.55
2025Q1,2,18.04,22.86,27.68,34.77,41.86,48.95,57.16,65.38,73.59,110.35
2025Q1,3,26.84,30.26,33.67,40.82,47.96,55.1,63.8,72.5,81.2,114.16
2025Q1,4,35.63,37.65,39.67,46.87,54.06,61.26,70.44,79.63,88.81,117.96
2025Q1,5,34,37.29,40.57,48.93,57.28,65.64,75.56,85.48,95.4,121.26
2025Q1,6,32.38,36.92,41.47,50.99,60.5,70.02,80.68,91.33,101.99,124.55
2025Q1,7,35.24,40.83,46.43,55.73,65.04,74.35,84.98,95.62,106.25,126.68
2025Q1,8,38.1,44.74,51.38,60.48,69.57,78.67,89.29,99.9,110.52,128.82
2025Q1,9,40.97,48.65,56.33,65.22,74.11,83,93.59,104.19,114.78,130.95
2025Q1,10,40.83,48.93,57.03,65.75,74.48,83.2,94.06,104.93,115.79,131.46
2025Q1,11,40.7,49.21,57.72,66.28,74.84,83.4,94.54,105.67,116.81,131.96
2025Q1,12,40.56,49.49,58.42,66.81,75.21,83.61,95.01,106.42,117.82,132.47
2025Q1,13,40.43,49.77,59.11,67.35,75.58,83.81,95.49,107.16,118.84,132.98
2025Q1,14,40.29,50.05,59.81,67.88,75.95,84.01,95.96,107.9,119.85,133.48
2025Q1,15,40.16,50.33,60.51,68.41,76.31,84.22,96.43,108.65,120.86,133.99
2025Q1,16,40.03,50.61,61.2,68.94,76.68,84.42,96.91,109.39,121.88,134.5
2025Q1,17,39.89,50.9,61.9,69.47,77.05,84.62,97.38,110.14,122.89,135.01
2025Q1,18,39.76,51.18,62.6,70.01,77.42,84.83,97.85,110.88,123.91,135.51
2025Q1,19,39.62,51.46,63.29,70.54,77.78,85.03,98.33,111.62,124.92,136.02
2025Q1,20,39.49,51.74,63.99,71.07,78.15,85.23,98.8,112.37,125.94,136.53
2025Q1,21,39.35,52.02,64.68,71.6,78.52,85.44,99.27,113.11,126.95,137.03
2025Q1,22,39.22,52.3,65.38,72.13,78.89,85.64,99.75,113.86,127.96,137.54
2025Q1,23,39.08,52.58,66.08,72.67,79.25,85.84,100.22,114.6,128.98,138.05
2025Q1,24,38.95,52.86,66.77,73.2,79.62,86.05,100.69,115.34,129.99,138.56
2025Q1,25,38.81,53.14,67.47,73.73,79.99,86.25,101.17,116.09,131.01,139.06
2025Q1,26,38.68,53.42,68.17,74.26,80.36,86.45,101.64,116.83,132.02,139.57
2025Q1,27,38.54,53.7,68.86,74.79,80.72,86.65,102.12,117.58,133.04,140.08
2025Q1,28,38.41,53.98,69.56,75.32,81.09,86.86,102.59,118.32,134.05,140.58
2025Q1,29,38.28,54.26,70.25,75.86,81.46,87.06,103.06,119.06,135.07,141.09
2025Q1,30,38.14,54.55,70.95,76.39,81.83,87.26,103.54,119.81,136.08,141.6
2025Q2,1,14.73,19.25,23.76,30.82,37.87,44.93,52.65,60.37,68.1,109.45
2025Q2,2,22.93,25.9,28.87,36.42,43.96,51.51,59.63,67.74,75.86,113.33
2025Q2,3,31.12,32.55,33.98,42.02,50.06,58.1,66.61,75.12,83.63,117.22
2025Q2,4,39.32,39.2,39.09,47.62,56.15,64.68,73.58,82.49,91.39,121.1
2025Q2,5,36.08,39.07,42.07,51.23,60.39,69.55,79.13,88.72,98.3,124.55
2025Q2,6,32.84,38.95,45.06,54.84,64.63,74.41,84.68,94.94,105.21,128.01
2025Q2,7,37.79,43.65,49.52,59.42,69.33,79.23,89.34,99.45,109.55,130.18
2025Q2,8,42.74,48.36,53.97,64,74.03,84.05,94,103.95,113.9,132.35
2025Q2,9,47.69,53.06,58.43,68.58,78.73,88.87,98.66,108.46,118.25,134.53
2025Q2,10,47.41,53.39,59.36,69.26,79.15,89.05,99.11,109.18,119.25,135.02
2025Q2,11,47.13,53.71,60.29,69.94,79.58,89.22,99.56,109.9,120.24,135.52
2025Q2,12,46.85,54.04,61.22,70.61,80.01,89.4,100.01,110.63,121.24,136.02
2025Q2,13,46.57,54.36,62.15,71.29,80.43,89.57,100.46,111.35,122.24,136.52
2025Q2,14,46.29,54.69,63.08,71.97,80.86,89.75,100.91,112.08,123.24,137.02
2025Q2,15,46.01,55.01,64.01,72.65,81.29,89.93,101.36,112.8,124.24,137.52
2025Q2,16,45.73,55.34,64.95,73.33,81.72,90.1,101.81,113.52,125.24,138.02
2025Q2,17,45.45,55.67,65.88,74.01,82.14,90.28,102.26,114.25,126.23,138.52
2025Q2,18,45.17,55.99,66.81,74.69,82.57,90.45,102.71,114.97,127.23,139.02
2025Q2,19,44.89,56.32,67.74,75.37,83,90.63,103.16,115.7,128.23,139.52
2025Q2,20,44.62,56.64,68.67,76.05,83.42,90.8,103.61,116.42,129.23,140.02
2025Q2,21,44.34,56.97,69.6,76.73,83.85,90.98,104.06,117.14,130.23,140.52
2025Q2,22,44.06,57.29,70.53,77.4,84.28,91.15,104.51,117.87,131.23,141.02
2025Q2,23,43.78,57.62,71.46,78.08,84.71,91.33,104.96,118.59,132.22,141.51
2025Q2,24,43.5,57.94,72.39,78.76,85.13,91.5,105.41,119.32,133.22,142.01
2025Q2,25,43.22,58.27,73.32,79.44,85.56,91.68,105.86,120.04,134.22,142.51
2025Q2,26,42.94,58.6,74.25,80.12,85.99,91.85,106.31,120.76,135.22,143.01
2025Q2,27,42.66,58.92,75.18,80.8,86.41,92.03,106.76,121.49,136.22,143.51
2025Q2,28,42.38,59.25,76.11,81.48,86.84,92.2,107.21,122.21,137.22,144.01
2025Q2,29,42.1,59.57,77.05,82.16,87.27,92.38,107.66,122.94,138.21,144.51
2025Q2,30,41.82,59.9,77.98,82.84,87.7,92.55,108.11,123.66,139.21,145.01
2024Q1,1,18.24,28.57,38.9,51.75,64.6,77.44,88.3,99.16,110.01,162.48
2024Q1,2,29.89,37.43,44.96,58.65,72.34,86.02,97.4,108.78,120.15,167.55
2024Q1,3,41.54,46.28,51.03,65.55,80.08,94.6,106.5,118.39,130.29,172.62
2024Q1,4,53.19,55.14,57.09,72.46,87.82,103.19,115.6,128.01,140.42,177.69
2024Q1,5,52,55.4,58.8,74.37,89.94,105.5,119.42,133.33,147.25,181.1
2024Q1,6,50.82,55.67,60.52,76.29,92.05,107.82,123.24,138.66,154.07,184.51
2024Q1,7,49.64,57.48,65.33,81.65,97.97,114.3,129.66,145.03,160.4,187.68
2024Q1,8,59.33,64.73,70.13,87.01,103.89,120.77,136.09,151.41,166.73,190.84
2024Q1,9,69.02,69.78,70.53,89.43,108.34,127.25,142.52,157.79,173.06,194.01
2024Q1,10,67.43,69.18,70.92,89.25,107.57,125.9,141.36,156.83,172.29,193.62
2024Q1,11,65.84,68.58,71.32,89.06,106.8,124.55,140.21,155.87,171.52,193.24
2024Q1,12,64.24,67.98,71.71,88.87,106.04,123.2,139.05,154.9,170.76,192.86
2024Q1,13,62.65,67.38,72.11,88.69,105.27,121.85,137.89,153.94,169.99,192.47
2024Q1,14,61.05,66.78,72.5,88.5,104.5,120.5,136.74,152.98,169.22,192.09
2024Q1,15,59.46,66.18,72.9,88.32,103.73,119.15,135.58,152.02,168.45,191.7
2024Q1,16,57.86,65.58,73.29,88.13,102.96,117.8,134.43,151.06,167.69,191.32
2024Q1,17,56.27,64.98,73.69,87.94,102.2,116.45,133.27,150.1,166.92,190.94
2024Q1,18,54.67,64.38,74.08,87.76,101.43,115.1,132.12,149.13,166.15,190.55
2024Q1,19,53.08,63.78,74.48,87.57,100.66,113.75,130.96,148.17,165.38,190.17
2024Q1,20,51.48,63.18,74.88,87.38,99.89,112.4,129.81,147.21,164.62,189.79
2024Q1,21,49.89,62.58,75.27,87.2,99.12,111.05,128.65,146.25,163.85,189.4
2024Q1,22,48.29,61.98,75.67,87.01,98.36,109.7,127.49,145.29,163.08,189.02
2024Q1,23,46.7,61.38,76.06,86.82,97.59,108.35,126.34,144.33,162.31,188.63
2024Q1,24,45.11,60.78,76.46,86.64,96.82,107,125.18,143.36,161.55,188.25
2024Q1,25,43.51,60.18,76.85,86.45,96.05,105.65,124.03,142.4,160.78,187.87
2024Q1,26,41.92,59.58,77.25,86.27,95.28,104.3,122.87,141.44,160.01,187.48
2024Q1,27,40.32,58.98,77.64,86.08,94.52,102.95,121.72,140.48,159.24,187.1
2024Q1,28,38.73,58.38,78.04,85.89,93.75,101.6,120.56,139.52,158.48,186.71
2024Q1,29,37.13,57.78,78.43,85.71,92.98,100.25,119.41,138.56,157.71,186.33
2024Q1,30,35.54,57.18,78.83,85.52,92.21,98.9,118.25,137.59,156.94,185.95
2024Q2,1,11.94,21.35,30.75,39.56,48.37,57.18,67.13,77.08,87.03,130.8
2024Q2,2,23.55,30.21,36.88,46.21,55.55,64.89,74.88,84.87,94.85,134.71
2024Q2,3,35.16,39.08,43,52.87,62.73,72.6,82.62,92.65,102.68,138.63
2024Q2,4,46.77,47.95,49.12,59.52,69.91,80.3,90.37,100.44,110.51,142.54
2024Q2,5,43.45,47.15,50.86,61.88,72.9,83.92,95.05,106.19,117.32,145.95
2024Q2,6,40.12,46.35,52.59,64.24,75.88,87.53,99.73,111.93,124.14,149.35
2024Q2,7,48.07,53.49,58.91,70.49,82.07,93.65,105.9,118.16,130.41,152.49
2024Q2,8,56.01,60.62,65.23,76.74,88.25,99.77,112.07,124.38,136.69,155.63
2024Q2,9,63.96,64.74,65.53,78.98,92.43,105.88,118.24,130.6,142.96,158.77
2024Q2,10,62.44,64.13,65.83,78.91,91.99,105.07,117.68,130.29,142.9,158.74
2024Q2,11,60.92,63.52,66.13,78.84,91.55,104.25,117.12,129.98,142.85,158.71
2024Q2,12,59.4,62.91,66.42,78.76,91.1,103.44,116.56,129.67,142.79,158.68
2024Q2,13,57.89,62.3,66.72,78.69,90.66,102.63,116,129.36,142.73,158.65
2024Q2,14,56.37,61.7,67.02,78.62,90.22,101.81,115.43,129.05,142.68,158.62
2024Q2,15,54.85,61.09,67.32,78.55,89.77,101,114.87,128.74,142.62,158.6
2024Q2,16,53.33,60.48,67.62,78.47,89.33,100.18,114.31,128.44,142.56,158.57
2024Q2,17,51.81,59.87,67.92,78.4,88.89,99.37,113.75,128.13,142.5,158.54
2024Q2,18,50.3,59.26,68.22,78.33,88.44,98.56,113.19,127.82,142.45,158.51
2024Q2,19,48.78,58.65,68.52,78.26,88,97.74,112.62,127.51,142.39,158.48
2024Q2,20,47.26,58.04,68.81,78.18,87.56,96.93,112.06,127.2,142.33,158.45
2024Q2,21,45.74,57.43,69.11,78.11,87.11,96.11,111.5,126.89,142.27,158.42
2024Q2,22,44.23,56.82,69.41,78.04,86.67,95.3,110.94,126.58,142.22,158.4
2024Q2,23,42.71,56.21,69.71,77.97,86.23,94.48,110.38,126.27,142.16,158.37
2024Q2,24,41.19,55.6,70.01,77.9,85.78,93.67,109.81,125.96,142.1,158.34
2024Q2,25,39.67,54.99,70.31,77.82,85.34,92.86,109.25,125.65,142.05,158.31
2024Q2,26,38.16,54.38,70.61,77.75,84.9,92.04,108.69,125.34,141.99,158.28
2024Q2,27,36.64,53.77,70.9,77.68,84.45,91.23,108.13,125.03,141.93,158.25
2024Q2,28,35.12,53.16,71.2,77.61,84.01,90.41,107.57,124.72,141.87,158.22
2024Q2,29,33.6,52.55,71.5,77.53,83.57,89.6,107.01,124.41,141.82,158.19
2024Q2,30,32.08,51.94,71.8,77.46,83.12,88.79,106.44,124.1,141.76,158.17
2024Q3,1,9.1,17.62,26.15,33.76,41.37,48.98,57.21,65.45,73.68,116.59
2024Q3,2,20.84,26.27,31.71,39.69,47.67,55.65,64.37,73.09,81.81,120.66
2024Q3,3,32.58,34.93,37.27,45.62,53.96,62.31,71.52,80.73,89.94,124.72
2024Q3,4,44.33,43.58,42.83,51.55,60.26,68.98,78.68,88.37,98.07,128.79
2024Q3,5,41.79,43.35,44.92,54.83,64.75,74.66,85.14,95.62,106.1,132.8
2024Q3,6,39.25,43.13,47,58.12,69.23,80.34,91.6,102.86,114.12,136.81
2024Q3,7,46.19,48.92,51.65,63.06,74.47,85.88,97.21,108.55,119.88,139.69
2024Q3,8,53.13,54.71,56.29,68,79.71,91.43,102.83,114.23,125.63,142.57
2024Q3,9,60.07,60.5,60.93,72.94,84.96,96.97,108.44,119.91,131.38,145.44
2024Q3,10,58.86,60.22,61.58,73.28,84.98,96.68,108.4,120.12,131.84,145.67
2024Q3,11,57.65,59.94,62.23,73.61,85,96.39,108.36,120.33,132.3,145.9
2024Q3,12,56.44,59.66,62.87,73.95,85.02,96.1,108.32,120.54,132.76,146.13
2024Q3,13,55.24,59.38,63.52,74.28,85.04,95.8,108.28,120.75,133.22,146.36
2024Q3,14,54.03,59.1,64.16,74.61,85.06,95.51,108.24,120.96,133.68,146.59
2024Q3,15,52.82,58.82,64.81,74.95,85.09,95.22,108.19,121.17,134.14,146.82
2024Q3,16,51.61,58.54,65.46,75.28,85.11,94.93,108.15,121.37,134.59,147.05
2024Q3,17,50.41,58.25,66.1,75.62,85.13,94.64,108.11,121.58,135.05,147.28
2024Q3,18,49.2,57.97,66.75,75.95,85.15,94.35,108.07,121.79,135.51,147.51
2024Q3,19,47.99,57.69,67.39,76.28,85.17,94.06,108.03,122,135.97,147.74
2024Q3,20,46.79,57.41,68.04,76.62,85.19,93.77,107.99,122.21,136.43,147.97
2024Q3,21,45.58,57.13,68.69,76.95,85.21,93.48,107.95,122.42,136.89,148.2
2024Q3,22,44.37,56.85,69.33,77.28,85.24,93.19,107.91,122.63,137.35,148.43
2024Q3,23,43.16,56.57,69.98,77.62,85.26,92.9,107.87,122.84,137.81,148.66
2024Q3,24,41.96,56.29,70.62,77.95,85.28,92.61,107.83,123.05,138.26,148.88
2024Q3,25,40.75,56.01,71.27,78.29,85.3,92.32,107.78,123.25,138.72,149.11
2024Q3,26,39.54,55.73,71.92,78.62,85.32,92.03,107.74,123.46,139.18,149.34
2024Q3,27,38.34,55.45,72.56,78.95,85.34,91.73,107.7,123.67,139.64,149.57
2024Q3,28,37.13,55.17,73.21,79.29,85.37,91.44,107.66,123.88,140.1,149.8
2024Q3,29,35.92,54.89,73.86,79.62,85.39,91.15,107.62,124.09,140.56,150.03
2024Q3,30,34.71,54.61,74.5,79.95,85.41,90.86,107.58,124.3,141.02,150.26
2024Q4,1,9.83,18.69,27.56,35.36,43.16,50.96,59.43,67.91,76.38,121.19
2024Q4,2,21.79,28.51,35.23,43.18,51.12,59.07,68.18,77.29,86.41,126.2
2024Q4,3,33.74,38.32,42.9,50.99,59.09,67.19,76.93,86.68,96.43,131.21
2024Q4,4,45.7,48.13,50.57,58.81,67.06,75.3,85.68,96.07,106.45,136.22
2024Q4,5,43.91,47.69,51.47,61.08,70.69,80.3,90.51,100.73,110.94,138.47
2024Q4,6,42.11,47.25,52.38,63.36,74.33,85.3,95.34,105.38,115.42,140.71
2024Q4,7,47.43,52.46,57.48,68.46,79.44,90.43,100.25,110.08,119.9,142.95
2024Q4,8,52.75,57.66,62.58,73.57,84.56,95.55,106.45,117.36,128.26,147.13
2024Q4,9,58.07,62.87,67.68,78.68,89.68,100.67,112.65,124.63,136.61,151.3
2024Q4,10,57.24,62.74,68.24,79.03,89.81,100.6,112.81,125.03,137.24,151.62
2024Q4,11,56.42,62.61,68.81,79.38,89.95,100.52,112.97,125.42,137.87,151.93
2024Q4,12,55.6,62.48,69.37,79.73,90.08,100.44,113.13,125.82,138.5,152.25
2024Q4,13,54.78,62.35,69.93,80.07,90.22,100.36,113.29,126.21,139.13,152.56
2024Q4,14,53.95,62.22,70.49,80.42,90.35,100.28,113.44,126.6,139.76,152.88
2024Q4,15,53.13,62.09,71.06,80.77,90.49,100.21,113.6,127,140.39,153.19
2024Q4,16,52.31,61.96,71.62,81.12,90.63,100.13,113.76,127.39,141.02,153.51
2024Q4,17,51.49,61.83,72.18,81.47,90.76,100.05,113.92,127.79,141.65,153.82
2024Q4,18,50.66,61.7,72.74,81.82,90.9,99.97,114.08,128.18,142.28,154.14
2024Q4,19,49.84,61.57,73.3,82.17,91.03,99.9,114.24,128.57,142.91,154.45
2024Q4,20,49.02,61.44,73.87,82.52,91.17,99.82,114.39,128.97,143.54,154.77
2024Q4,21,48.2,61.31,74.43,82.87,91.3,99.74,114.55,129.36,144.17,155.08
2024Q4,22,47.37,61.18,74.99,83.22,91.44,99.66,114.71,129.76,144.8,155.4
2024Q4,23,46.55,61.05,75.55,83.56,91.58,99.59,114.87,130.15,145.43,155.71
2024Q4,24,45.73,60.92,76.12,83.91,91.71,99.51,115.03,130.54,146.06,156.03
2024Q4,25,44.9,60.79,76.68,84.26,91.85,99.43,115.18,130.94,146.69,156.34
2024Q4,26,44.08,60.66,77.24,84.61,91.98,99.35,115.34,131.33,147.32,156.66
2024Q4,27,43.26,60.53,77.8,84.96,92.12,99.28,115.5,131.73,147.95,156.97
2024Q4,28,42.44,60.4,78.37,85.31,92.25,99.2,115.66,132.12,148.58,157.29
2024Q4,29,41.61,60.27,78.93,85.66,92.39,99.12,115.82,132.51,149.21,157.6
2024Q4,30,40.79,60.14,79.49,86.01,92.53,99.04,115.98,132.91,149.84,157.92