Moody's Credit Rating,1,2,3,4,5,6,7,8,9,10,Year
Aaa,0.02,0.01,0.03,0.05,0.07,0.08,0.09,0.1,0.11,0.12,2023
Aa1,0.09,0.22,0.43,0.64,0.74,0.84,0.92,1,1.08,1.17,2023
Aa2,0.22,0.59,1.11,1.44,1.62,1.78,1.89,2.01,2.16,2.35,2023
Aa3,0.46,1.4,2.52,3.09,3.38,3.66,3.87,4.05,4.32,4.71,2023
A1,0.9,2.72,5,5.78,6.22,6.6,6.93,7.16,7.58,8.27,2023
A2,1.69,5.15,9.49,10.57,11.14,11.69,12.16,12.4,13.04,14.24,2023
A3,6.02,11.03,15.41,16.57,17.45,18.29,19.08,19.53,20.29,21.48,2023
Baa1,13.93,20.61,24.01,25.52,26.38,27.65,28.85,29.79,30.52,31.27,2023
Baa2,27.19,35.79,36.84,38.24,39.31,41.31,43.31,44.9,45.43,45.17,2023
Baa3,69.33,82.84,78.86,79.04,79.32,81.35,81.79,82.49,82.49,81.01,2023
Ba1,72.29,96.81,108.72,117.81,123.75,120.87,120.34,120.62,121.04,121.34,2023
Ba2,133.53,172.3,187.56,200.13,208.18,200.39,194.02,190.19,188.69,187.26,2023
Ba3,247.59,283.91,298.01,303.15,311.06,294.25,283.14,274.67,267.81,264.18,2023
B1,295.32,320.35,336.53,350.94,366.08,345.26,328.59,317.32,310.49,306.3,2023
B2,451.81,450.61,460.53,472.17,487.7,455.23,431.44,414.39,404.56,397.97,2023
B3,733.25,651.49,640.26,652.2,673.18,624.46,599.13,584.46,573.24,568.03,2023
Caa1,880.76,730.1,698.42,699.68,716.36,660.09,627.2,606.33,591.21,582.77,2023
Caa2,1028.27,809.77,757.74,748.31,760.83,696.8,656.07,628.76,609.61,597.83,2023
Caa3,1175.78,890.53,818.26,798.17,806.68,734.67,685.8,651.79,628.46,613.24,2023
Ca,6688.57,6688.57,6688.57,6688.57,6688.57,6688.57,6688.57,6688.57,6688.57,6688.57,2023